[2026-04-23T15:34:52.481+0000] {processor.py:161} INFO - Started process (PID=218) to work on /opt/airflow/dags/sales_pipeline.py
[2026-04-23T15:34:52.485+0000] {processor.py:830} INFO - Processing file /opt/airflow/dags/sales_pipeline.py for tasks to queue
[2026-04-23T15:34:52.486+0000] {logging_mixin.py:188} INFO - [2026-04-23T15:34:52.486+0000] {dagbag.py:540} INFO - Filling up the DagBag from /opt/airflow/dags/sales_pipeline.py
[2026-04-23T15:34:52.755+0000] {processor.py:840} INFO - DAG(s) 'sales_pipeline' retrieved from /opt/airflow/dags/sales_pipeline.py
[2026-04-23T15:34:52.765+0000] {logging_mixin.py:188} INFO - [2026-04-23T15:34:52.765+0000] {dag.py:3096} INFO - Sync 1 DAGs
[2026-04-23T15:34:52.774+0000] {logging_mixin.py:188} INFO - [2026-04-23T15:34:52.774+0000] {dag.py:3954} INFO - Setting next_dagrun for sales_pipeline to 2026-04-23 08:00:00+00:00, run_after=2026-04-24 08:00:00+00:00
[2026-04-23T15:34:52.781+0000] {processor.py:183} INFO - Processing /opt/airflow/dags/sales_pipeline.py took 0.303 seconds
[2026-04-23T15:35:23.058+0000] {processor.py:161} INFO - Started process (PID=247) to work on /opt/airflow/dags/sales_pipeline.py
[2026-04-23T15:35:23.059+0000] {processor.py:830} INFO - Processing file /opt/airflow/dags/sales_pipeline.py for tasks to queue
[2026-04-23T15:35:23.064+0000] {logging_mixin.py:188} INFO - [2026-04-23T15:35:23.063+0000] {dagbag.py:540} INFO - Filling up the DagBag from /opt/airflow/dags/sales_pipeline.py
[2026-04-23T15:35:23.364+0000] {processor.py:840} INFO - DAG(s) 'sales_pipeline' retrieved from /opt/airflow/dags/sales_pipeline.py
[2026-04-23T15:35:23.417+0000] {logging_mixin.py:188} INFO - [2026-04-23T15:35:23.416+0000] {dag.py:3096} INFO - Sync 1 DAGs
[2026-04-23T15:35:23.424+0000] {logging_mixin.py:188} INFO - [2026-04-23T15:35:23.424+0000] {dag.py:3954} INFO - Setting next_dagrun for sales_pipeline to 2026-04-23 08:00:00+00:00, run_after=2026-04-24 08:00:00+00:00
[2026-04-23T15:35:23.432+0000] {processor.py:183} INFO - Processing /opt/airflow/dags/sales_pipeline.py took 0.379 seconds
[2026-04-23T15:35:53.696+0000] {processor.py:161} INFO - Started process (PID=253) to work on /opt/airflow/dags/sales_pipeline.py
[2026-04-23T15:35:53.697+0000] {processor.py:830} INFO - Processing file /opt/airflow/dags/sales_pipeline.py for tasks to queue
[2026-04-23T15:35:53.699+0000] {logging_mixin.py:188} INFO - [2026-04-23T15:35:53.699+0000] {dagbag.py:540} INFO - Filling up the DagBag from /opt/airflow/dags/sales_pipeline.py
[2026-04-23T15:35:54.011+0000] {processor.py:840} INFO - DAG(s) 'sales_pipeline' retrieved from /opt/airflow/dags/sales_pipeline.py
[2026-04-23T15:35:54.033+0000] {logging_mixin.py:188} INFO - [2026-04-23T15:35:54.033+0000] {dag.py:3096} INFO - Sync 1 DAGs
[2026-04-23T15:35:54.042+0000] {logging_mixin.py:188} INFO - [2026-04-23T15:35:54.042+0000] {dag.py:3954} INFO - Setting next_dagrun for sales_pipeline to 2026-04-23 08:00:00+00:00, run_after=2026-04-24 08:00:00+00:00
[2026-04-23T15:35:54.048+0000] {processor.py:183} INFO - Processing /opt/airflow/dags/sales_pipeline.py took 0.362 seconds
[2026-04-23T15:36:24.328+0000] {processor.py:161} INFO - Started process (PID=276) to work on /opt/airflow/dags/sales_pipeline.py
[2026-04-23T15:36:24.332+0000] {processor.py:830} INFO - Processing file /opt/airflow/dags/sales_pipeline.py for tasks to queue
[2026-04-23T15:36:24.334+0000] {logging_mixin.py:188} INFO - [2026-04-23T15:36:24.334+0000] {dagbag.py:540} INFO - Filling up the DagBag from /opt/airflow/dags/sales_pipeline.py
[2026-04-23T15:36:24.662+0000] {processor.py:840} INFO - DAG(s) 'sales_pipeline' retrieved from /opt/airflow/dags/sales_pipeline.py
[2026-04-23T15:36:24.686+0000] {logging_mixin.py:188} INFO - [2026-04-23T15:36:24.685+0000] {dag.py:3096} INFO - Sync 1 DAGs
[2026-04-23T15:36:24.698+0000] {logging_mixin.py:188} INFO - [2026-04-23T15:36:24.698+0000] {dag.py:3954} INFO - Setting next_dagrun for sales_pipeline to 2026-04-23 08:00:00+00:00, run_after=2026-04-24 08:00:00+00:00
[2026-04-23T15:36:24.704+0000] {processor.py:183} INFO - Processing /opt/airflow/dags/sales_pipeline.py took 0.392 seconds
[2026-04-23T15:36:55.188+0000] {processor.py:161} INFO - Started process (PID=282) to work on /opt/airflow/dags/sales_pipeline.py
[2026-04-23T15:36:55.188+0000] {processor.py:830} INFO - Processing file /opt/airflow/dags/sales_pipeline.py for tasks to queue
[2026-04-23T15:36:55.189+0000] {logging_mixin.py:188} INFO - [2026-04-23T15:36:55.189+0000] {dagbag.py:540} INFO - Filling up the DagBag from /opt/airflow/dags/sales_pipeline.py
[2026-04-23T15:36:55.319+0000] {processor.py:840} INFO - DAG(s) 'sales_pipeline' retrieved from /opt/airflow/dags/sales_pipeline.py
[2026-04-23T15:36:55.335+0000] {logging_mixin.py:188} INFO - [2026-04-23T15:36:55.335+0000] {dag.py:3096} INFO - Sync 1 DAGs
[2026-04-23T15:36:55.344+0000] {logging_mixin.py:188} INFO - [2026-04-23T15:36:55.343+0000] {dag.py:3954} INFO - Setting next_dagrun for sales_pipeline to 2026-04-23 08:00:00+00:00, run_after=2026-04-24 08:00:00+00:00
[2026-04-23T15:36:55.350+0000] {processor.py:183} INFO - Processing /opt/airflow/dags/sales_pipeline.py took 0.165 seconds
[2026-04-23T15:37:25.464+0000] {processor.py:161} INFO - Started process (PID=288) to work on /opt/airflow/dags/sales_pipeline.py
[2026-04-23T15:37:25.465+0000] {processor.py:830} INFO - Processing file /opt/airflow/dags/sales_pipeline.py for tasks to queue
[2026-04-23T15:37:25.466+0000] {logging_mixin.py:188} INFO - [2026-04-23T15:37:25.466+0000] {dagbag.py:540} INFO - Filling up the DagBag from /opt/airflow/dags/sales_pipeline.py
[2026-04-23T15:37:25.615+0000] {processor.py:840} INFO - DAG(s) 'sales_pipeline' retrieved from /opt/airflow/dags/sales_pipeline.py
[2026-04-23T15:37:25.627+0000] {logging_mixin.py:188} INFO - [2026-04-23T15:37:25.627+0000] {dag.py:3096} INFO - Sync 1 DAGs
[2026-04-23T15:37:25.635+0000] {logging_mixin.py:188} INFO - [2026-04-23T15:37:25.635+0000] {dag.py:3954} INFO - Setting next_dagrun for sales_pipeline to 2026-04-23 08:00:00+00:00, run_after=2026-04-24 08:00:00+00:00
[2026-04-23T15:37:25.641+0000] {processor.py:183} INFO - Processing /opt/airflow/dags/sales_pipeline.py took 0.182 seconds
[2026-04-23T15:37:55.863+0000] {processor.py:161} INFO - Started process (PID=294) to work on /opt/airflow/dags/sales_pipeline.py
[2026-04-23T15:37:55.864+0000] {processor.py:830} INFO - Processing file /opt/airflow/dags/sales_pipeline.py for tasks to queue
[2026-04-23T15:37:55.867+0000] {logging_mixin.py:188} INFO - [2026-04-23T15:37:55.866+0000] {dagbag.py:540} INFO - Filling up the DagBag from /opt/airflow/dags/sales_pipeline.py
[2026-04-23T15:37:56.030+0000] {processor.py:840} INFO - DAG(s) 'sales_pipeline' retrieved from /opt/airflow/dags/sales_pipeline.py
[2026-04-23T15:37:56.043+0000] {logging_mixin.py:188} INFO - [2026-04-23T15:37:56.042+0000] {dag.py:3096} INFO - Sync 1 DAGs
[2026-04-23T15:37:56.051+0000] {logging_mixin.py:188} INFO - [2026-04-23T15:37:56.051+0000] {dag.py:3954} INFO - Setting next_dagrun for sales_pipeline to 2026-04-23 08:00:00+00:00, run_after=2026-04-24 08:00:00+00:00
[2026-04-23T15:37:56.057+0000] {processor.py:183} INFO - Processing /opt/airflow/dags/sales_pipeline.py took 0.201 seconds
[2026-04-23T15:38:26.168+0000] {processor.py:161} INFO - Started process (PID=300) to work on /opt/airflow/dags/sales_pipeline.py
[2026-04-23T15:38:26.170+0000] {processor.py:830} INFO - Processing file /opt/airflow/dags/sales_pipeline.py for tasks to queue
[2026-04-23T15:38:26.172+0000] {logging_mixin.py:188} INFO - [2026-04-23T15:38:26.172+0000] {dagbag.py:540} INFO - Filling up the DagBag from /opt/airflow/dags/sales_pipeline.py
[2026-04-23T15:38:26.333+0000] {processor.py:840} INFO - DAG(s) 'sales_pipeline' retrieved from /opt/airflow/dags/sales_pipeline.py
[2026-04-23T15:38:26.350+0000] {logging_mixin.py:188} INFO - [2026-04-23T15:38:26.350+0000] {dag.py:3096} INFO - Sync 1 DAGs
[2026-04-23T15:38:26.360+0000] {logging_mixin.py:188} INFO - [2026-04-23T15:38:26.360+0000] {dag.py:3954} INFO - Setting next_dagrun for sales_pipeline to 2026-04-23 08:00:00+00:00, run_after=2026-04-24 08:00:00+00:00
[2026-04-23T15:38:26.368+0000] {processor.py:183} INFO - Processing /opt/airflow/dags/sales_pipeline.py took 0.211 seconds
[2026-04-23T15:38:56.583+0000] {processor.py:161} INFO - Started process (PID=334) to work on /opt/airflow/dags/sales_pipeline.py
[2026-04-23T15:38:56.585+0000] {processor.py:830} INFO - Processing file /opt/airflow/dags/sales_pipeline.py for tasks to queue
[2026-04-23T15:38:56.590+0000] {logging_mixin.py:188} INFO - [2026-04-23T15:38:56.589+0000] {dagbag.py:540} INFO - Filling up the DagBag from /opt/airflow/dags/sales_pipeline.py
[2026-04-23T15:38:56.761+0000] {processor.py:840} INFO - DAG(s) 'sales_pipeline' retrieved from /opt/airflow/dags/sales_pipeline.py
[2026-04-23T15:38:56.776+0000] {logging_mixin.py:188} INFO - [2026-04-23T15:38:56.776+0000] {dag.py:3096} INFO - Sync 1 DAGs
[2026-04-23T15:38:56.786+0000] {logging_mixin.py:188} INFO - [2026-04-23T15:38:56.786+0000] {dag.py:3954} INFO - Setting next_dagrun for sales_pipeline to 2026-04-23 08:00:00+00:00, run_after=2026-04-24 08:00:00+00:00
[2026-04-23T15:38:56.792+0000] {processor.py:183} INFO - Processing /opt/airflow/dags/sales_pipeline.py took 0.216 seconds
[2026-04-23T15:39:27.051+0000] {processor.py:161} INFO - Started process (PID=371) to work on /opt/airflow/dags/sales_pipeline.py
[2026-04-23T15:39:27.053+0000] {processor.py:830} INFO - Processing file /opt/airflow/dags/sales_pipeline.py for tasks to queue
[2026-04-23T15:39:27.055+0000] {logging_mixin.py:188} INFO - [2026-04-23T15:39:27.055+0000] {dagbag.py:540} INFO - Filling up the DagBag from /opt/airflow/dags/sales_pipeline.py
[2026-04-23T15:39:27.235+0000] {processor.py:840} INFO - DAG(s) 'sales_pipeline' retrieved from /opt/airflow/dags/sales_pipeline.py
[2026-04-23T15:39:27.254+0000] {logging_mixin.py:188} INFO - [2026-04-23T15:39:27.254+0000] {dag.py:3096} INFO - Sync 1 DAGs
[2026-04-23T15:39:27.263+0000] {logging_mixin.py:188} INFO - [2026-04-23T15:39:27.263+0000] {dag.py:3954} INFO - Setting next_dagrun for sales_pipeline to 2026-04-23 08:00:00+00:00, run_after=2026-04-24 08:00:00+00:00
[2026-04-23T15:39:27.271+0000] {processor.py:183} INFO - Processing /opt/airflow/dags/sales_pipeline.py took 0.226 seconds
[2026-04-23T15:39:57.549+0000] {processor.py:161} INFO - Started process (PID=410) to work on /opt/airflow/dags/sales_pipeline.py
[2026-04-23T15:39:57.551+0000] {processor.py:830} INFO - Processing file /opt/airflow/dags/sales_pipeline.py for tasks to queue
[2026-04-23T15:39:57.553+0000] {logging_mixin.py:188} INFO - [2026-04-23T15:39:57.553+0000] {dagbag.py:540} INFO - Filling up the DagBag from /opt/airflow/dags/sales_pipeline.py
[2026-04-23T15:39:57.700+0000] {processor.py:840} INFO - DAG(s) 'sales_pipeline' retrieved from /opt/airflow/dags/sales_pipeline.py
[2026-04-23T15:39:57.712+0000] {logging_mixin.py:188} INFO - [2026-04-23T15:39:57.712+0000] {dag.py:3096} INFO - Sync 1 DAGs
[2026-04-23T15:39:57.721+0000] {logging_mixin.py:188} INFO - [2026-04-23T15:39:57.721+0000] {dag.py:3954} INFO - Setting next_dagrun for sales_pipeline to 2026-04-23 08:00:00+00:00, run_after=2026-04-24 08:00:00+00:00
[2026-04-23T15:39:57.727+0000] {processor.py:183} INFO - Processing /opt/airflow/dags/sales_pipeline.py took 0.185 seconds
[2026-04-23T15:40:27.784+0000] {processor.py:161} INFO - Started process (PID=446) to work on /opt/airflow/dags/sales_pipeline.py
[2026-04-23T15:40:27.786+0000] {processor.py:830} INFO - Processing file /opt/airflow/dags/sales_pipeline.py for tasks to queue
[2026-04-23T15:40:27.787+0000] {logging_mixin.py:188} INFO - [2026-04-23T15:40:27.787+0000] {dagbag.py:540} INFO - Filling up the DagBag from /opt/airflow/dags/sales_pipeline.py
[2026-04-23T15:40:27.956+0000] {processor.py:840} INFO - DAG(s) 'sales_pipeline' retrieved from /opt/airflow/dags/sales_pipeline.py
[2026-04-23T15:40:27.977+0000] {logging_mixin.py:188} INFO - [2026-04-23T15:40:27.977+0000] {dag.py:3096} INFO - Sync 1 DAGs
[2026-04-23T15:40:27.987+0000] {logging_mixin.py:188} INFO - [2026-04-23T15:40:27.987+0000] {dag.py:3954} INFO - Setting next_dagrun for sales_pipeline to 2026-04-23 08:00:00+00:00, run_after=2026-04-24 08:00:00+00:00
[2026-04-23T15:40:27.995+0000] {processor.py:183} INFO - Processing /opt/airflow/dags/sales_pipeline.py took 0.217 seconds
[2026-04-23T15:40:58.276+0000] {processor.py:161} INFO - Started process (PID=476) to work on /opt/airflow/dags/sales_pipeline.py
[2026-04-23T15:40:58.276+0000] {processor.py:830} INFO - Processing file /opt/airflow/dags/sales_pipeline.py for tasks to queue
[2026-04-23T15:40:58.278+0000] {logging_mixin.py:188} INFO - [2026-04-23T15:40:58.278+0000] {dagbag.py:540} INFO - Filling up the DagBag from /opt/airflow/dags/sales_pipeline.py
[2026-04-23T15:40:58.490+0000] {processor.py:840} INFO - DAG(s) 'sales_pipeline' retrieved from /opt/airflow/dags/sales_pipeline.py
[2026-04-23T15:40:58.515+0000] {logging_mixin.py:188} INFO - [2026-04-23T15:40:58.514+0000] {dag.py:3096} INFO - Sync 1 DAGs
[2026-04-23T15:40:58.524+0000] {logging_mixin.py:188} INFO - [2026-04-23T15:40:58.524+0000] {dag.py:3954} INFO - Setting next_dagrun for sales_pipeline to 2026-04-23 08:00:00+00:00, run_after=2026-04-24 08:00:00+00:00
[2026-04-23T15:40:58.531+0000] {processor.py:183} INFO - Processing /opt/airflow/dags/sales_pipeline.py took 0.266 seconds
[2026-04-23T15:41:28.804+0000] {processor.py:161} INFO - Started process (PID=515) to work on /opt/airflow/dags/sales_pipeline.py
[2026-04-23T15:41:28.805+0000] {processor.py:830} INFO - Processing file /opt/airflow/dags/sales_pipeline.py for tasks to queue
[2026-04-23T15:41:28.811+0000] {logging_mixin.py:188} INFO - [2026-04-23T15:41:28.809+0000] {dagbag.py:540} INFO - Filling up the DagBag from /opt/airflow/dags/sales_pipeline.py
[2026-04-23T15:41:29.009+0000] {processor.py:840} INFO - DAG(s) 'sales_pipeline' retrieved from /opt/airflow/dags/sales_pipeline.py
[2026-04-23T15:41:29.030+0000] {logging_mixin.py:188} INFO - [2026-04-23T15:41:29.030+0000] {dag.py:3096} INFO - Sync 1 DAGs
[2026-04-23T15:41:29.047+0000] {logging_mixin.py:188} INFO - [2026-04-23T15:41:29.047+0000] {dag.py:3954} INFO - Setting next_dagrun for sales_pipeline to 2026-04-23 08:00:00+00:00, run_after=2026-04-24 08:00:00+00:00
[2026-04-23T15:41:29.059+0000] {processor.py:183} INFO - Processing /opt/airflow/dags/sales_pipeline.py took 0.265 seconds
[2026-04-23T15:41:59.385+0000] {processor.py:161} INFO - Started process (PID=521) to work on /opt/airflow/dags/sales_pipeline.py
[2026-04-23T15:41:59.386+0000] {processor.py:830} INFO - Processing file /opt/airflow/dags/sales_pipeline.py for tasks to queue
[2026-04-23T15:41:59.388+0000] {logging_mixin.py:188} INFO - [2026-04-23T15:41:59.387+0000] {dagbag.py:540} INFO - Filling up the DagBag from /opt/airflow/dags/sales_pipeline.py
[2026-04-23T15:41:59.594+0000] {processor.py:840} INFO - DAG(s) 'sales_pipeline' retrieved from /opt/airflow/dags/sales_pipeline.py
[2026-04-23T15:41:59.609+0000] {logging_mixin.py:188} INFO - [2026-04-23T15:41:59.609+0000] {dag.py:3096} INFO - Sync 1 DAGs
[2026-04-23T15:41:59.618+0000] {logging_mixin.py:188} INFO - [2026-04-23T15:41:59.618+0000] {dag.py:3954} INFO - Setting next_dagrun for sales_pipeline to 2026-04-23 08:00:00+00:00, run_after=2026-04-24 08:00:00+00:00
[2026-04-23T15:41:59.626+0000] {processor.py:183} INFO - Processing /opt/airflow/dags/sales_pipeline.py took 0.252 seconds
[2026-04-23T15:42:20.611+0000] {processor.py:161} INFO - Started process (PID=527) to work on /opt/airflow/dags/sales_pipeline.py
[2026-04-23T15:42:20.612+0000] {processor.py:830} INFO - Processing file /opt/airflow/dags/sales_pipeline.py for tasks to queue
[2026-04-23T15:42:20.615+0000] {logging_mixin.py:188} INFO - [2026-04-23T15:42:20.614+0000] {dagbag.py:540} INFO - Filling up the DagBag from /opt/airflow/dags/sales_pipeline.py
[2026-04-23T15:42:20.844+0000] {processor.py:840} INFO - DAG(s) 'sales_pipeline' retrieved from /opt/airflow/dags/sales_pipeline.py
[2026-04-23T15:42:20.863+0000] {logging_mixin.py:188} INFO - [2026-04-23T15:42:20.863+0000] {dag.py:3096} INFO - Sync 1 DAGs
[2026-04-23T15:42:20.878+0000] {logging_mixin.py:188} INFO - [2026-04-23T15:42:20.877+0000] {dag.py:3954} INFO - Setting next_dagrun for sales_pipeline to 2026-04-23 08:00:00+00:00, run_after=2026-04-24 08:00:00+00:00
[2026-04-23T15:42:20.886+0000] {processor.py:183} INFO - Processing /opt/airflow/dags/sales_pipeline.py took 0.284 seconds
[2026-04-23T15:43:09.375+0000] {processor.py:161} INFO - Started process (PID=227) to work on /opt/airflow/dags/sales_pipeline.py
[2026-04-23T15:43:09.378+0000] {processor.py:830} INFO - Processing file /opt/airflow/dags/sales_pipeline.py for tasks to queue
[2026-04-23T15:43:09.379+0000] {logging_mixin.py:188} INFO - [2026-04-23T15:43:09.379+0000] {dagbag.py:540} INFO - Filling up the DagBag from /opt/airflow/dags/sales_pipeline.py
[2026-04-23T15:43:09.623+0000] {processor.py:840} INFO - DAG(s) 'sales_pipeline' retrieved from /opt/airflow/dags/sales_pipeline.py
[2026-04-23T15:43:09.636+0000] {logging_mixin.py:188} INFO - [2026-04-23T15:43:09.636+0000] {dag.py:3096} INFO - Sync 1 DAGs
[2026-04-23T15:43:09.645+0000] {logging_mixin.py:188} INFO - [2026-04-23T15:43:09.645+0000] {dag.py:3954} INFO - Setting next_dagrun for sales_pipeline to 2026-04-23 08:00:00+00:00, run_after=2026-04-24 08:00:00+00:00
[2026-04-23T15:43:09.652+0000] {processor.py:183} INFO - Processing /opt/airflow/dags/sales_pipeline.py took 0.281 seconds
[2026-04-23T15:43:39.916+0000] {processor.py:161} INFO - Started process (PID=269) to work on /opt/airflow/dags/sales_pipeline.py
[2026-04-23T15:43:39.917+0000] {processor.py:830} INFO - Processing file /opt/airflow/dags/sales_pipeline.py for tasks to queue
[2026-04-23T15:43:39.924+0000] {logging_mixin.py:188} INFO - [2026-04-23T15:43:39.923+0000] {dagbag.py:540} INFO - Filling up the DagBag from /opt/airflow/dags/sales_pipeline.py
[2026-04-23T15:43:40.277+0000] {processor.py:840} INFO - DAG(s) 'sales_pipeline' retrieved from /opt/airflow/dags/sales_pipeline.py
[2026-04-23T15:43:40.320+0000] {logging_mixin.py:188} INFO - [2026-04-23T15:43:40.320+0000] {dag.py:3096} INFO - Sync 1 DAGs
[2026-04-23T15:43:40.326+0000] {logging_mixin.py:188} INFO - [2026-04-23T15:43:40.326+0000] {dag.py:3954} INFO - Setting next_dagrun for sales_pipeline to 2026-04-23 08:00:00+00:00, run_after=2026-04-24 08:00:00+00:00
[2026-04-23T15:43:40.332+0000] {processor.py:183} INFO - Processing /opt/airflow/dags/sales_pipeline.py took 0.424 seconds
[2026-04-23T15:44:10.627+0000] {processor.py:161} INFO - Started process (PID=275) to work on /opt/airflow/dags/sales_pipeline.py
[2026-04-23T15:44:10.628+0000] {processor.py:830} INFO - Processing file /opt/airflow/dags/sales_pipeline.py for tasks to queue
[2026-04-23T15:44:10.630+0000] {logging_mixin.py:188} INFO - [2026-04-23T15:44:10.630+0000] {dagbag.py:540} INFO - Filling up the DagBag from /opt/airflow/dags/sales_pipeline.py
[2026-04-23T15:44:10.935+0000] {processor.py:840} INFO - DAG(s) 'sales_pipeline' retrieved from /opt/airflow/dags/sales_pipeline.py
[2026-04-23T15:44:10.947+0000] {logging_mixin.py:188} INFO - [2026-04-23T15:44:10.947+0000] {dag.py:3096} INFO - Sync 1 DAGs
[2026-04-23T15:44:10.956+0000] {logging_mixin.py:188} INFO - [2026-04-23T15:44:10.956+0000] {dag.py:3954} INFO - Setting next_dagrun for sales_pipeline to 2026-04-23 08:00:00+00:00, run_after=2026-04-24 08:00:00+00:00
[2026-04-23T15:44:10.962+0000] {processor.py:183} INFO - Processing /opt/airflow/dags/sales_pipeline.py took 0.342 seconds
[2026-04-23T15:44:41.215+0000] {processor.py:161} INFO - Started process (PID=284) to work on /opt/airflow/dags/sales_pipeline.py
[2026-04-23T15:44:41.217+0000] {processor.py:830} INFO - Processing file /opt/airflow/dags/sales_pipeline.py for tasks to queue
[2026-04-23T15:44:41.220+0000] {logging_mixin.py:188} INFO - [2026-04-23T15:44:41.220+0000] {dagbag.py:540} INFO - Filling up the DagBag from /opt/airflow/dags/sales_pipeline.py
[2026-04-23T15:44:41.539+0000] {processor.py:840} INFO - DAG(s) 'sales_pipeline' retrieved from /opt/airflow/dags/sales_pipeline.py
[2026-04-23T15:44:41.557+0000] {logging_mixin.py:188} INFO - [2026-04-23T15:44:41.557+0000] {dag.py:3096} INFO - Sync 1 DAGs
[2026-04-23T15:44:41.565+0000] {logging_mixin.py:188} INFO - [2026-04-23T15:44:41.565+0000] {dag.py:3954} INFO - Setting next_dagrun for sales_pipeline to 2026-04-23 08:00:00+00:00, run_after=2026-04-24 08:00:00+00:00
[2026-04-23T15:44:41.572+0000] {processor.py:183} INFO - Processing /opt/airflow/dags/sales_pipeline.py took 0.367 seconds
[2026-04-23T15:45:12.101+0000] {processor.py:161} INFO - Started process (PID=290) to work on /opt/airflow/dags/sales_pipeline.py
[2026-04-23T15:45:12.102+0000] {processor.py:830} INFO - Processing file /opt/airflow/dags/sales_pipeline.py for tasks to queue
[2026-04-23T15:45:12.103+0000] {logging_mixin.py:188} INFO - [2026-04-23T15:45:12.102+0000] {dagbag.py:540} INFO - Filling up the DagBag from /opt/airflow/dags/sales_pipeline.py
[2026-04-23T15:45:12.244+0000] {processor.py:840} INFO - DAG(s) 'sales_pipeline' retrieved from /opt/airflow/dags/sales_pipeline.py
[2026-04-23T15:45:12.263+0000] {logging_mixin.py:188} INFO - [2026-04-23T15:45:12.263+0000] {dag.py:3096} INFO - Sync 1 DAGs
[2026-04-23T15:45:12.273+0000] {logging_mixin.py:188} INFO - [2026-04-23T15:45:12.273+0000] {dag.py:3954} INFO - Setting next_dagrun for sales_pipeline to 2026-04-23 08:00:00+00:00, run_after=2026-04-24 08:00:00+00:00
[2026-04-23T15:45:12.279+0000] {processor.py:183} INFO - Processing /opt/airflow/dags/sales_pipeline.py took 0.181 seconds
[2026-04-23T15:45:42.424+0000] {processor.py:161} INFO - Started process (PID=296) to work on /opt/airflow/dags/sales_pipeline.py
[2026-04-23T15:45:42.426+0000] {processor.py:830} INFO - Processing file /opt/airflow/dags/sales_pipeline.py for tasks to queue
[2026-04-23T15:45:42.429+0000] {logging_mixin.py:188} INFO - [2026-04-23T15:45:42.429+0000] {dagbag.py:540} INFO - Filling up the DagBag from /opt/airflow/dags/sales_pipeline.py
[2026-04-23T15:45:42.599+0000] {processor.py:840} INFO - DAG(s) 'sales_pipeline' retrieved from /opt/airflow/dags/sales_pipeline.py
[2026-04-23T15:45:42.619+0000] {logging_mixin.py:188} INFO - [2026-04-23T15:45:42.619+0000] {dag.py:3096} INFO - Sync 1 DAGs
[2026-04-23T15:45:42.628+0000] {logging_mixin.py:188} INFO - [2026-04-23T15:45:42.628+0000] {dag.py:3954} INFO - Setting next_dagrun for sales_pipeline to 2026-04-23 08:00:00+00:00, run_after=2026-04-24 08:00:00+00:00
[2026-04-23T15:45:42.639+0000] {processor.py:183} INFO - Processing /opt/airflow/dags/sales_pipeline.py took 0.225 seconds
[2026-04-23T15:46:12.890+0000] {processor.py:161} INFO - Started process (PID=320) to work on /opt/airflow/dags/sales_pipeline.py
[2026-04-23T15:46:12.891+0000] {processor.py:830} INFO - Processing file /opt/airflow/dags/sales_pipeline.py for tasks to queue
[2026-04-23T15:46:12.893+0000] {logging_mixin.py:188} INFO - [2026-04-23T15:46:12.892+0000] {dagbag.py:540} INFO - Filling up the DagBag from /opt/airflow/dags/sales_pipeline.py
[2026-04-23T15:46:13.046+0000] {processor.py:840} INFO - DAG(s) 'sales_pipeline' retrieved from /opt/airflow/dags/sales_pipeline.py
[2026-04-23T15:46:13.058+0000] {logging_mixin.py:188} INFO - [2026-04-23T15:46:13.058+0000] {dag.py:3096} INFO - Sync 1 DAGs
[2026-04-23T15:46:13.066+0000] {logging_mixin.py:188} INFO - [2026-04-23T15:46:13.065+0000] {dag.py:3954} INFO - Setting next_dagrun for sales_pipeline to 2026-04-23 08:00:00+00:00, run_after=2026-04-24 08:00:00+00:00
[2026-04-23T15:46:13.071+0000] {processor.py:183} INFO - Processing /opt/airflow/dags/sales_pipeline.py took 0.186 seconds
[2026-04-23T15:46:43.103+0000] {processor.py:161} INFO - Started process (PID=363) to work on /opt/airflow/dags/sales_pipeline.py
[2026-04-23T15:46:43.104+0000] {processor.py:830} INFO - Processing file /opt/airflow/dags/sales_pipeline.py for tasks to queue
[2026-04-23T15:46:43.106+0000] {logging_mixin.py:188} INFO - [2026-04-23T15:46:43.105+0000] {dagbag.py:540} INFO - Filling up the DagBag from /opt/airflow/dags/sales_pipeline.py
[2026-04-23T15:46:43.242+0000] {processor.py:840} INFO - DAG(s) 'sales_pipeline' retrieved from /opt/airflow/dags/sales_pipeline.py
[2026-04-23T15:46:43.254+0000] {logging_mixin.py:188} INFO - [2026-04-23T15:46:43.254+0000] {dag.py:3096} INFO - Sync 1 DAGs
[2026-04-23T15:46:43.262+0000] {logging_mixin.py:188} INFO - [2026-04-23T15:46:43.262+0000] {dag.py:3954} INFO - Setting next_dagrun for sales_pipeline to 2026-04-23 08:00:00+00:00, run_after=2026-04-24 08:00:00+00:00
[2026-04-23T15:46:43.268+0000] {processor.py:183} INFO - Processing /opt/airflow/dags/sales_pipeline.py took 0.169 seconds
[2026-04-23T15:47:13.534+0000] {processor.py:161} INFO - Started process (PID=405) to work on /opt/airflow/dags/sales_pipeline.py
[2026-04-23T15:47:13.536+0000] {processor.py:830} INFO - Processing file /opt/airflow/dags/sales_pipeline.py for tasks to queue
[2026-04-23T15:47:13.539+0000] {logging_mixin.py:188} INFO - [2026-04-23T15:47:13.537+0000] {dagbag.py:540} INFO - Filling up the DagBag from /opt/airflow/dags/sales_pipeline.py
[2026-04-23T15:47:13.727+0000] {processor.py:840} INFO - DAG(s) 'sales_pipeline' retrieved from /opt/airflow/dags/sales_pipeline.py
[2026-04-23T15:47:13.748+0000] {logging_mixin.py:188} INFO - [2026-04-23T15:47:13.748+0000] {dag.py:3096} INFO - Sync 1 DAGs
[2026-04-23T15:47:13.761+0000] {logging_mixin.py:188} INFO - [2026-04-23T15:47:13.761+0000] {dag.py:3954} INFO - Setting next_dagrun for sales_pipeline to 2026-04-23 08:00:00+00:00, run_after=2026-04-24 08:00:00+00:00
[2026-04-23T15:47:13.770+0000] {processor.py:183} INFO - Processing /opt/airflow/dags/sales_pipeline.py took 0.242 seconds
[2026-04-23T15:47:44.037+0000] {processor.py:161} INFO - Started process (PID=447) to work on /opt/airflow/dags/sales_pipeline.py
[2026-04-23T15:47:44.039+0000] {processor.py:830} INFO - Processing file /opt/airflow/dags/sales_pipeline.py for tasks to queue
[2026-04-23T15:47:44.041+0000] {logging_mixin.py:188} INFO - [2026-04-23T15:47:44.040+0000] {dagbag.py:540} INFO - Filling up the DagBag from /opt/airflow/dags/sales_pipeline.py
[2026-04-23T15:47:44.212+0000] {processor.py:840} INFO - DAG(s) 'sales_pipeline' retrieved from /opt/airflow/dags/sales_pipeline.py
[2026-04-23T15:47:44.225+0000] {logging_mixin.py:188} INFO - [2026-04-23T15:47:44.225+0000] {dag.py:3096} INFO - Sync 1 DAGs
[2026-04-23T15:47:44.234+0000] {logging_mixin.py:188} INFO - [2026-04-23T15:47:44.234+0000] {dag.py:3954} INFO - Setting next_dagrun for sales_pipeline to 2026-04-23 08:00:00+00:00, run_after=2026-04-24 08:00:00+00:00
[2026-04-23T15:47:44.240+0000] {processor.py:183} INFO - Processing /opt/airflow/dags/sales_pipeline.py took 0.215 seconds
[2026-04-23T15:48:14.340+0000] {processor.py:161} INFO - Started process (PID=482) to work on /opt/airflow/dags/sales_pipeline.py
[2026-04-23T15:48:14.341+0000] {processor.py:830} INFO - Processing file /opt/airflow/dags/sales_pipeline.py for tasks to queue
[2026-04-23T15:48:14.344+0000] {logging_mixin.py:188} INFO - [2026-04-23T15:48:14.344+0000] {dagbag.py:540} INFO - Filling up the DagBag from /opt/airflow/dags/sales_pipeline.py
[2026-04-23T15:48:14.633+0000] {processor.py:840} INFO - DAG(s) 'sales_pipeline' retrieved from /opt/airflow/dags/sales_pipeline.py
[2026-04-23T15:48:14.648+0000] {logging_mixin.py:188} INFO - [2026-04-23T15:48:14.647+0000] {dag.py:3096} INFO - Sync 1 DAGs
[2026-04-23T15:48:14.657+0000] {logging_mixin.py:188} INFO - [2026-04-23T15:48:14.656+0000] {dag.py:3954} INFO - Setting next_dagrun for sales_pipeline to 2026-04-23 08:00:00+00:00, run_after=2026-04-24 08:00:00+00:00
[2026-04-23T15:48:14.666+0000] {processor.py:183} INFO - Processing /opt/airflow/dags/sales_pipeline.py took 0.332 seconds
[2026-04-23T15:48:44.773+0000] {processor.py:161} INFO - Started process (PID=524) to work on /opt/airflow/dags/sales_pipeline.py
[2026-04-23T15:48:44.775+0000] {processor.py:830} INFO - Processing file /opt/airflow/dags/sales_pipeline.py for tasks to queue
[2026-04-23T15:48:44.777+0000] {logging_mixin.py:188} INFO - [2026-04-23T15:48:44.777+0000] {dagbag.py:540} INFO - Filling up the DagBag from /opt/airflow/dags/sales_pipeline.py
[2026-04-23T15:48:44.953+0000] {processor.py:840} INFO - DAG(s) 'sales_pipeline' retrieved from /opt/airflow/dags/sales_pipeline.py
[2026-04-23T15:48:44.965+0000] {logging_mixin.py:188} INFO - [2026-04-23T15:48:44.965+0000] {dag.py:3096} INFO - Sync 1 DAGs
[2026-04-23T15:48:44.975+0000] {logging_mixin.py:188} INFO - [2026-04-23T15:48:44.975+0000] {dag.py:3954} INFO - Setting next_dagrun for sales_pipeline to 2026-04-23 08:00:00+00:00, run_after=2026-04-24 08:00:00+00:00
[2026-04-23T15:48:44.983+0000] {processor.py:183} INFO - Processing /opt/airflow/dags/sales_pipeline.py took 0.221 seconds
[2026-04-23T15:49:15.142+0000] {processor.py:161} INFO - Started process (PID=566) to work on /opt/airflow/dags/sales_pipeline.py
[2026-04-23T15:49:15.144+0000] {processor.py:830} INFO - Processing file /opt/airflow/dags/sales_pipeline.py for tasks to queue
[2026-04-23T15:49:15.145+0000] {logging_mixin.py:188} INFO - [2026-04-23T15:49:15.145+0000] {dagbag.py:540} INFO - Filling up the DagBag from /opt/airflow/dags/sales_pipeline.py
[2026-04-23T15:49:15.347+0000] {processor.py:840} INFO - DAG(s) 'sales_pipeline' retrieved from /opt/airflow/dags/sales_pipeline.py
[2026-04-23T15:49:15.362+0000] {logging_mixin.py:188} INFO - [2026-04-23T15:49:15.362+0000] {dag.py:3096} INFO - Sync 1 DAGs
[2026-04-23T15:49:15.372+0000] {logging_mixin.py:188} INFO - [2026-04-23T15:49:15.372+0000] {dag.py:3954} INFO - Setting next_dagrun for sales_pipeline to 2026-04-23 08:00:00+00:00, run_after=2026-04-24 08:00:00+00:00
[2026-04-23T15:49:15.382+0000] {processor.py:183} INFO - Processing /opt/airflow/dags/sales_pipeline.py took 0.244 seconds
[2026-04-23T15:49:45.431+0000] {processor.py:161} INFO - Started process (PID=586) to work on /opt/airflow/dags/sales_pipeline.py
[2026-04-23T15:49:45.432+0000] {processor.py:830} INFO - Processing file /opt/airflow/dags/sales_pipeline.py for tasks to queue
[2026-04-23T15:49:45.436+0000] {logging_mixin.py:188} INFO - [2026-04-23T15:49:45.435+0000] {dagbag.py:540} INFO - Filling up the DagBag from /opt/airflow/dags/sales_pipeline.py
[2026-04-23T15:49:45.625+0000] {processor.py:840} INFO - DAG(s) 'sales_pipeline' retrieved from /opt/airflow/dags/sales_pipeline.py
[2026-04-23T15:49:45.638+0000] {logging_mixin.py:188} INFO - [2026-04-23T15:49:45.638+0000] {dag.py:3096} INFO - Sync 1 DAGs
[2026-04-23T15:49:45.649+0000] {logging_mixin.py:188} INFO - [2026-04-23T15:49:45.649+0000] {dag.py:3954} INFO - Setting next_dagrun for sales_pipeline to 2026-04-23 08:00:00+00:00, run_after=2026-04-24 08:00:00+00:00
[2026-04-23T15:49:45.656+0000] {processor.py:183} INFO - Processing /opt/airflow/dags/sales_pipeline.py took 0.234 seconds
[2026-04-23T15:50:15.894+0000] {processor.py:161} INFO - Started process (PID=592) to work on /opt/airflow/dags/sales_pipeline.py
[2026-04-23T15:50:15.895+0000] {processor.py:830} INFO - Processing file /opt/airflow/dags/sales_pipeline.py for tasks to queue
[2026-04-23T15:50:15.897+0000] {logging_mixin.py:188} INFO - [2026-04-23T15:50:15.897+0000] {dagbag.py:540} INFO - Filling up the DagBag from /opt/airflow/dags/sales_pipeline.py
[2026-04-23T15:50:16.122+0000] {processor.py:840} INFO - DAG(s) 'sales_pipeline' retrieved from /opt/airflow/dags/sales_pipeline.py
[2026-04-23T15:50:16.140+0000] {logging_mixin.py:188} INFO - [2026-04-23T15:50:16.140+0000] {dag.py:3096} INFO - Sync 1 DAGs
[2026-04-23T15:50:16.149+0000] {logging_mixin.py:188} INFO - [2026-04-23T15:50:16.149+0000] {dag.py:3954} INFO - Setting next_dagrun for sales_pipeline to 2026-04-23 08:00:00+00:00, run_after=2026-04-24 08:00:00+00:00
[2026-04-23T15:50:16.155+0000] {processor.py:183} INFO - Processing /opt/airflow/dags/sales_pipeline.py took 0.267 seconds
[2026-04-23T15:50:46.432+0000] {processor.py:161} INFO - Started process (PID=598) to work on /opt/airflow/dags/sales_pipeline.py
[2026-04-23T15:50:46.434+0000] {processor.py:830} INFO - Processing file /opt/airflow/dags/sales_pipeline.py for tasks to queue
[2026-04-23T15:50:46.436+0000] {logging_mixin.py:188} INFO - [2026-04-23T15:50:46.436+0000] {dagbag.py:540} INFO - Filling up the DagBag from /opt/airflow/dags/sales_pipeline.py
[2026-04-23T15:50:46.600+0000] {processor.py:840} INFO - DAG(s) 'sales_pipeline' retrieved from /opt/airflow/dags/sales_pipeline.py
[2026-04-23T15:50:46.613+0000] {logging_mixin.py:188} INFO - [2026-04-23T15:50:46.613+0000] {dag.py:3096} INFO - Sync 1 DAGs
[2026-04-23T15:50:46.622+0000] {logging_mixin.py:188} INFO - [2026-04-23T15:50:46.622+0000] {dag.py:3954} INFO - Setting next_dagrun for sales_pipeline to 2026-04-23 08:00:00+00:00, run_after=2026-04-24 08:00:00+00:00
[2026-04-23T15:50:46.628+0000] {processor.py:183} INFO - Processing /opt/airflow/dags/sales_pipeline.py took 0.205 seconds
[2026-04-23T15:51:16.764+0000] {processor.py:161} INFO - Started process (PID=604) to work on /opt/airflow/dags/sales_pipeline.py
[2026-04-23T15:51:16.765+0000] {processor.py:830} INFO - Processing file /opt/airflow/dags/sales_pipeline.py for tasks to queue
[2026-04-23T15:51:16.768+0000] {logging_mixin.py:188} INFO - [2026-04-23T15:51:16.768+0000] {dagbag.py:540} INFO - Filling up the DagBag from /opt/airflow/dags/sales_pipeline.py
[2026-04-23T15:51:16.941+0000] {processor.py:840} INFO - DAG(s) 'sales_pipeline' retrieved from /opt/airflow/dags/sales_pipeline.py
[2026-04-23T15:51:16.956+0000] {logging_mixin.py:188} INFO - [2026-04-23T15:51:16.956+0000] {dag.py:3096} INFO - Sync 1 DAGs
[2026-04-23T15:51:16.964+0000] {logging_mixin.py:188} INFO - [2026-04-23T15:51:16.964+0000] {dag.py:3954} INFO - Setting next_dagrun for sales_pipeline to 2026-04-23 08:00:00+00:00, run_after=2026-04-24 08:00:00+00:00
[2026-04-23T15:51:16.973+0000] {processor.py:183} INFO - Processing /opt/airflow/dags/sales_pipeline.py took 0.217 seconds
[2026-04-23T15:51:47.164+0000] {processor.py:161} INFO - Started process (PID=610) to work on /opt/airflow/dags/sales_pipeline.py
[2026-04-23T15:51:47.165+0000] {processor.py:830} INFO - Processing file /opt/airflow/dags/sales_pipeline.py for tasks to queue
[2026-04-23T15:51:47.167+0000] {logging_mixin.py:188} INFO - [2026-04-23T15:51:47.167+0000] {dagbag.py:540} INFO - Filling up the DagBag from /opt/airflow/dags/sales_pipeline.py
[2026-04-23T15:51:47.352+0000] {processor.py:840} INFO - DAG(s) 'sales_pipeline' retrieved from /opt/airflow/dags/sales_pipeline.py
[2026-04-23T15:51:47.372+0000] {logging_mixin.py:188} INFO - [2026-04-23T15:51:47.372+0000] {dag.py:3096} INFO - Sync 1 DAGs
[2026-04-23T15:51:47.384+0000] {logging_mixin.py:188} INFO - [2026-04-23T15:51:47.383+0000] {dag.py:3954} INFO - Setting next_dagrun for sales_pipeline to 2026-04-23 08:00:00+00:00, run_after=2026-04-24 08:00:00+00:00
[2026-04-23T15:51:47.390+0000] {processor.py:183} INFO - Processing /opt/airflow/dags/sales_pipeline.py took 0.233 seconds
[2026-04-23T15:52:17.515+0000] {processor.py:161} INFO - Started process (PID=616) to work on /opt/airflow/dags/sales_pipeline.py
[2026-04-23T15:52:17.516+0000] {processor.py:830} INFO - Processing file /opt/airflow/dags/sales_pipeline.py for tasks to queue
[2026-04-23T15:52:17.518+0000] {logging_mixin.py:188} INFO - [2026-04-23T15:52:17.517+0000] {dagbag.py:540} INFO - Filling up the DagBag from /opt/airflow/dags/sales_pipeline.py
[2026-04-23T15:52:17.710+0000] {processor.py:840} INFO - DAG(s) 'sales_pipeline' retrieved from /opt/airflow/dags/sales_pipeline.py
[2026-04-23T15:52:17.723+0000] {logging_mixin.py:188} INFO - [2026-04-23T15:52:17.723+0000] {dag.py:3096} INFO - Sync 1 DAGs
[2026-04-23T15:52:17.736+0000] {logging_mixin.py:188} INFO - [2026-04-23T15:52:17.736+0000] {dag.py:3954} INFO - Setting next_dagrun for sales_pipeline to 2026-04-23 08:00:00+00:00, run_after=2026-04-24 08:00:00+00:00
[2026-04-23T15:52:17.742+0000] {processor.py:183} INFO - Processing /opt/airflow/dags/sales_pipeline.py took 0.241 seconds
[2026-04-23T15:52:47.913+0000] {processor.py:161} INFO - Started process (PID=622) to work on /opt/airflow/dags/sales_pipeline.py
[2026-04-23T15:52:47.914+0000] {processor.py:830} INFO - Processing file /opt/airflow/dags/sales_pipeline.py for tasks to queue
[2026-04-23T15:52:47.918+0000] {logging_mixin.py:188} INFO - [2026-04-23T15:52:47.917+0000] {dagbag.py:540} INFO - Filling up the DagBag from /opt/airflow/dags/sales_pipeline.py
[2026-04-23T15:52:48.114+0000] {processor.py:840} INFO - DAG(s) 'sales_pipeline' retrieved from /opt/airflow/dags/sales_pipeline.py
[2026-04-23T15:52:48.138+0000] {logging_mixin.py:188} INFO - [2026-04-23T15:52:48.137+0000] {dag.py:3096} INFO - Sync 1 DAGs
[2026-04-23T15:52:48.148+0000] {logging_mixin.py:188} INFO - [2026-04-23T15:52:48.148+0000] {dag.py:3954} INFO - Setting next_dagrun for sales_pipeline to 2026-04-23 08:00:00+00:00, run_after=2026-04-24 08:00:00+00:00
[2026-04-23T15:52:48.159+0000] {processor.py:183} INFO - Processing /opt/airflow/dags/sales_pipeline.py took 0.253 seconds
[2026-04-23T15:53:18.217+0000] {processor.py:161} INFO - Started process (PID=628) to work on /opt/airflow/dags/sales_pipeline.py
[2026-04-23T15:53:18.218+0000] {processor.py:830} INFO - Processing file /opt/airflow/dags/sales_pipeline.py for tasks to queue
[2026-04-23T15:53:18.220+0000] {logging_mixin.py:188} INFO - [2026-04-23T15:53:18.219+0000] {dagbag.py:540} INFO - Filling up the DagBag from /opt/airflow/dags/sales_pipeline.py
[2026-04-23T15:53:18.405+0000] {processor.py:840} INFO - DAG(s) 'sales_pipeline' retrieved from /opt/airflow/dags/sales_pipeline.py
[2026-04-23T15:53:18.420+0000] {logging_mixin.py:188} INFO - [2026-04-23T15:53:18.420+0000] {dag.py:3096} INFO - Sync 1 DAGs
[2026-04-23T15:53:18.430+0000] {logging_mixin.py:188} INFO - [2026-04-23T15:53:18.430+0000] {dag.py:3954} INFO - Setting next_dagrun for sales_pipeline to 2026-04-23 08:00:00+00:00, run_after=2026-04-24 08:00:00+00:00
[2026-04-23T15:53:18.438+0000] {processor.py:183} INFO - Processing /opt/airflow/dags/sales_pipeline.py took 0.226 seconds
[2026-04-23T15:53:48.620+0000] {processor.py:161} INFO - Started process (PID=634) to work on /opt/airflow/dags/sales_pipeline.py
[2026-04-23T15:53:48.621+0000] {processor.py:830} INFO - Processing file /opt/airflow/dags/sales_pipeline.py for tasks to queue
[2026-04-23T15:53:48.624+0000] {logging_mixin.py:188} INFO - [2026-04-23T15:53:48.624+0000] {dagbag.py:540} INFO - Filling up the DagBag from /opt/airflow/dags/sales_pipeline.py
[2026-04-23T15:53:48.824+0000] {processor.py:840} INFO - DAG(s) 'sales_pipeline' retrieved from /opt/airflow/dags/sales_pipeline.py
[2026-04-23T15:53:48.840+0000] {logging_mixin.py:188} INFO - [2026-04-23T15:53:48.840+0000] {dag.py:3096} INFO - Sync 1 DAGs
[2026-04-23T15:53:48.851+0000] {logging_mixin.py:188} INFO - [2026-04-23T15:53:48.851+0000] {dag.py:3954} INFO - Setting next_dagrun for sales_pipeline to 2026-04-23 08:00:00+00:00, run_after=2026-04-24 08:00:00+00:00
[2026-04-23T15:53:48.858+0000] {processor.py:183} INFO - Processing /opt/airflow/dags/sales_pipeline.py took 0.245 seconds
[2026-04-23T15:54:19.024+0000] {processor.py:161} INFO - Started process (PID=640) to work on /opt/airflow/dags/sales_pipeline.py
[2026-04-23T15:54:19.025+0000] {processor.py:830} INFO - Processing file /opt/airflow/dags/sales_pipeline.py for tasks to queue
[2026-04-23T15:54:19.027+0000] {logging_mixin.py:188} INFO - [2026-04-23T15:54:19.027+0000] {dagbag.py:540} INFO - Filling up the DagBag from /opt/airflow/dags/sales_pipeline.py
[2026-04-23T15:54:19.257+0000] {processor.py:840} INFO - DAG(s) 'sales_pipeline' retrieved from /opt/airflow/dags/sales_pipeline.py
[2026-04-23T15:54:19.281+0000] {logging_mixin.py:188} INFO - [2026-04-23T15:54:19.280+0000] {dag.py:3096} INFO - Sync 1 DAGs
[2026-04-23T15:54:19.292+0000] {logging_mixin.py:188} INFO - [2026-04-23T15:54:19.292+0000] {dag.py:3954} INFO - Setting next_dagrun for sales_pipeline to 2026-04-23 08:00:00+00:00, run_after=2026-04-24 08:00:00+00:00
[2026-04-23T15:54:19.301+0000] {processor.py:183} INFO - Processing /opt/airflow/dags/sales_pipeline.py took 0.284 seconds
[2026-04-23T15:54:49.471+0000] {processor.py:161} INFO - Started process (PID=646) to work on /opt/airflow/dags/sales_pipeline.py
[2026-04-23T15:54:49.472+0000] {processor.py:830} INFO - Processing file /opt/airflow/dags/sales_pipeline.py for tasks to queue
[2026-04-23T15:54:49.473+0000] {logging_mixin.py:188} INFO - [2026-04-23T15:54:49.473+0000] {dagbag.py:540} INFO - Filling up the DagBag from /opt/airflow/dags/sales_pipeline.py
[2026-04-23T15:54:49.657+0000] {processor.py:840} INFO - DAG(s) 'sales_pipeline' retrieved from /opt/airflow/dags/sales_pipeline.py
[2026-04-23T15:54:49.677+0000] {logging_mixin.py:188} INFO - [2026-04-23T15:54:49.676+0000] {dag.py:3096} INFO - Sync 1 DAGs
[2026-04-23T15:54:49.690+0000] {logging_mixin.py:188} INFO - [2026-04-23T15:54:49.690+0000] {dag.py:3954} INFO - Setting next_dagrun for sales_pipeline to 2026-04-23 08:00:00+00:00, run_after=2026-04-24 08:00:00+00:00
[2026-04-23T15:54:49.698+0000] {processor.py:183} INFO - Processing /opt/airflow/dags/sales_pipeline.py took 0.234 seconds
[2026-04-23T15:55:19.789+0000] {processor.py:161} INFO - Started process (PID=652) to work on /opt/airflow/dags/sales_pipeline.py
[2026-04-23T15:55:19.791+0000] {processor.py:830} INFO - Processing file /opt/airflow/dags/sales_pipeline.py for tasks to queue
[2026-04-23T15:55:19.793+0000] {logging_mixin.py:188} INFO - [2026-04-23T15:55:19.792+0000] {dagbag.py:540} INFO - Filling up the DagBag from /opt/airflow/dags/sales_pipeline.py
[2026-04-23T15:55:20.012+0000] {processor.py:840} INFO - DAG(s) 'sales_pipeline' retrieved from /opt/airflow/dags/sales_pipeline.py
[2026-04-23T15:55:20.043+0000] {logging_mixin.py:188} INFO - [2026-04-23T15:55:20.043+0000] {dag.py:3096} INFO - Sync 1 DAGs
[2026-04-23T15:55:20.056+0000] {logging_mixin.py:188} INFO - [2026-04-23T15:55:20.056+0000] {dag.py:3954} INFO - Setting next_dagrun for sales_pipeline to 2026-04-23 08:00:00+00:00, run_after=2026-04-24 08:00:00+00:00
[2026-04-23T15:55:20.064+0000] {processor.py:183} INFO - Processing /opt/airflow/dags/sales_pipeline.py took 0.285 seconds
[2026-04-23T15:55:50.212+0000] {processor.py:161} INFO - Started process (PID=658) to work on /opt/airflow/dags/sales_pipeline.py
[2026-04-23T15:55:50.213+0000] {processor.py:830} INFO - Processing file /opt/airflow/dags/sales_pipeline.py for tasks to queue
[2026-04-23T15:55:50.215+0000] {logging_mixin.py:188} INFO - [2026-04-23T15:55:50.214+0000] {dagbag.py:540} INFO - Filling up the DagBag from /opt/airflow/dags/sales_pipeline.py
[2026-04-23T15:55:50.420+0000] {processor.py:840} INFO - DAG(s) 'sales_pipeline' retrieved from /opt/airflow/dags/sales_pipeline.py
[2026-04-23T15:55:50.437+0000] {logging_mixin.py:188} INFO - [2026-04-23T15:55:50.437+0000] {dag.py:3096} INFO - Sync 1 DAGs
[2026-04-23T15:55:50.447+0000] {logging_mixin.py:188} INFO - [2026-04-23T15:55:50.447+0000] {dag.py:3954} INFO - Setting next_dagrun for sales_pipeline to 2026-04-23 08:00:00+00:00, run_after=2026-04-24 08:00:00+00:00
[2026-04-23T15:55:50.454+0000] {processor.py:183} INFO - Processing /opt/airflow/dags/sales_pipeline.py took 0.248 seconds
[2026-04-23T15:56:20.586+0000] {processor.py:161} INFO - Started process (PID=664) to work on /opt/airflow/dags/sales_pipeline.py
[2026-04-23T15:56:20.587+0000] {processor.py:830} INFO - Processing file /opt/airflow/dags/sales_pipeline.py for tasks to queue
[2026-04-23T15:56:20.589+0000] {logging_mixin.py:188} INFO - [2026-04-23T15:56:20.588+0000] {dagbag.py:540} INFO - Filling up the DagBag from /opt/airflow/dags/sales_pipeline.py
[2026-04-23T15:56:20.751+0000] {processor.py:840} INFO - DAG(s) 'sales_pipeline' retrieved from /opt/airflow/dags/sales_pipeline.py
[2026-04-23T15:56:20.765+0000] {logging_mixin.py:188} INFO - [2026-04-23T15:56:20.765+0000] {dag.py:3096} INFO - Sync 1 DAGs
[2026-04-23T15:56:20.774+0000] {logging_mixin.py:188} INFO - [2026-04-23T15:56:20.774+0000] {dag.py:3954} INFO - Setting next_dagrun for sales_pipeline to 2026-04-23 08:00:00+00:00, run_after=2026-04-24 08:00:00+00:00
[2026-04-23T15:56:20.781+0000] {processor.py:183} INFO - Processing /opt/airflow/dags/sales_pipeline.py took 0.201 seconds
[2026-04-23T15:56:50.918+0000] {processor.py:161} INFO - Started process (PID=670) to work on /opt/airflow/dags/sales_pipeline.py
[2026-04-23T15:56:50.920+0000] {processor.py:830} INFO - Processing file /opt/airflow/dags/sales_pipeline.py for tasks to queue
[2026-04-23T15:56:50.922+0000] {logging_mixin.py:188} INFO - [2026-04-23T15:56:50.921+0000] {dagbag.py:540} INFO - Filling up the DagBag from /opt/airflow/dags/sales_pipeline.py
[2026-04-23T15:56:51.072+0000] {processor.py:840} INFO - DAG(s) 'sales_pipeline' retrieved from /opt/airflow/dags/sales_pipeline.py
[2026-04-23T15:56:51.086+0000] {logging_mixin.py:188} INFO - [2026-04-23T15:56:51.086+0000] {dag.py:3096} INFO - Sync 1 DAGs
[2026-04-23T15:56:51.097+0000] {logging_mixin.py:188} INFO - [2026-04-23T15:56:51.096+0000] {dag.py:3954} INFO - Setting next_dagrun for sales_pipeline to 2026-04-23 08:00:00+00:00, run_after=2026-04-24 08:00:00+00:00
[2026-04-23T15:56:51.103+0000] {processor.py:183} INFO - Processing /opt/airflow/dags/sales_pipeline.py took 0.190 seconds
[2026-04-23T15:57:21.230+0000] {processor.py:161} INFO - Started process (PID=676) to work on /opt/airflow/dags/sales_pipeline.py
[2026-04-23T15:57:21.232+0000] {processor.py:830} INFO - Processing file /opt/airflow/dags/sales_pipeline.py for tasks to queue
[2026-04-23T15:57:21.234+0000] {logging_mixin.py:188} INFO - [2026-04-23T15:57:21.233+0000] {dagbag.py:540} INFO - Filling up the DagBag from /opt/airflow/dags/sales_pipeline.py
[2026-04-23T15:57:21.401+0000] {processor.py:840} INFO - DAG(s) 'sales_pipeline' retrieved from /opt/airflow/dags/sales_pipeline.py
[2026-04-23T15:57:21.434+0000] {logging_mixin.py:188} INFO - [2026-04-23T15:57:21.434+0000] {dag.py:3096} INFO - Sync 1 DAGs
[2026-04-23T15:57:21.443+0000] {logging_mixin.py:188} INFO - [2026-04-23T15:57:21.443+0000] {dag.py:3954} INFO - Setting next_dagrun for sales_pipeline to 2026-04-23 08:00:00+00:00, run_after=2026-04-24 08:00:00+00:00
[2026-04-23T15:57:21.451+0000] {processor.py:183} INFO - Processing /opt/airflow/dags/sales_pipeline.py took 0.226 seconds
[2026-04-23T15:57:45.592+0000] {processor.py:161} INFO - Started process (PID=208) to work on /opt/airflow/dags/sales_pipeline.py
[2026-04-23T15:57:45.594+0000] {processor.py:830} INFO - Processing file /opt/airflow/dags/sales_pipeline.py for tasks to queue
[2026-04-23T15:57:45.596+0000] {logging_mixin.py:188} INFO - [2026-04-23T15:57:45.596+0000] {dagbag.py:540} INFO - Filling up the DagBag from /opt/airflow/dags/sales_pipeline.py
[2026-04-23T15:57:45.868+0000] {processor.py:840} INFO - DAG(s) 'sales_pipeline' retrieved from /opt/airflow/dags/sales_pipeline.py
[2026-04-23T15:57:45.879+0000] {logging_mixin.py:188} INFO - [2026-04-23T15:57:45.879+0000] {dag.py:3096} INFO - Sync 1 DAGs
[2026-04-23T15:57:45.887+0000] {logging_mixin.py:188} INFO - [2026-04-23T15:57:45.886+0000] {dag.py:3954} INFO - Setting next_dagrun for sales_pipeline to 2026-04-23 08:00:00+00:00, run_after=2026-04-24 08:00:00+00:00
[2026-04-23T15:57:45.893+0000] {processor.py:183} INFO - Processing /opt/airflow/dags/sales_pipeline.py took 0.310 seconds
[2026-04-23T15:58:16.130+0000] {processor.py:161} INFO - Started process (PID=234) to work on /opt/airflow/dags/sales_pipeline.py
[2026-04-23T15:58:16.131+0000] {processor.py:830} INFO - Processing file /opt/airflow/dags/sales_pipeline.py for tasks to queue
[2026-04-23T15:58:16.134+0000] {logging_mixin.py:188} INFO - [2026-04-23T15:58:16.133+0000] {dagbag.py:540} INFO - Filling up the DagBag from /opt/airflow/dags/sales_pipeline.py
[2026-04-23T15:58:16.420+0000] {processor.py:840} INFO - DAG(s) 'sales_pipeline' retrieved from /opt/airflow/dags/sales_pipeline.py
[2026-04-23T15:58:16.465+0000] {logging_mixin.py:188} INFO - [2026-04-23T15:58:16.465+0000] {dag.py:3096} INFO - Sync 1 DAGs
[2026-04-23T15:58:16.471+0000] {logging_mixin.py:188} INFO - [2026-04-23T15:58:16.471+0000] {dag.py:3954} INFO - Setting next_dagrun for sales_pipeline to 2026-04-23 08:00:00+00:00, run_after=2026-04-24 08:00:00+00:00
[2026-04-23T15:58:16.476+0000] {processor.py:183} INFO - Processing /opt/airflow/dags/sales_pipeline.py took 0.357 seconds
[2026-04-23T15:58:46.745+0000] {processor.py:161} INFO - Started process (PID=240) to work on /opt/airflow/dags/sales_pipeline.py
[2026-04-23T15:58:46.746+0000] {processor.py:830} INFO - Processing file /opt/airflow/dags/sales_pipeline.py for tasks to queue
[2026-04-23T15:58:46.748+0000] {logging_mixin.py:188} INFO - [2026-04-23T15:58:46.748+0000] {dagbag.py:540} INFO - Filling up the DagBag from /opt/airflow/dags/sales_pipeline.py
[2026-04-23T15:58:46.986+0000] {processor.py:840} INFO - DAG(s) 'sales_pipeline' retrieved from /opt/airflow/dags/sales_pipeline.py
[2026-04-23T15:58:46.996+0000] {logging_mixin.py:188} INFO - [2026-04-23T15:58:46.996+0000] {dag.py:3096} INFO - Sync 1 DAGs
[2026-04-23T15:58:47.003+0000] {logging_mixin.py:188} INFO - [2026-04-23T15:58:47.003+0000] {dag.py:3954} INFO - Setting next_dagrun for sales_pipeline to 2026-04-23 08:00:00+00:00, run_after=2026-04-24 08:00:00+00:00
[2026-04-23T15:58:47.009+0000] {processor.py:183} INFO - Processing /opt/airflow/dags/sales_pipeline.py took 0.274 seconds
[2026-04-23T15:59:17.236+0000] {processor.py:161} INFO - Started process (PID=246) to work on /opt/airflow/dags/sales_pipeline.py
[2026-04-23T15:59:17.237+0000] {processor.py:830} INFO - Processing file /opt/airflow/dags/sales_pipeline.py for tasks to queue
[2026-04-23T15:59:17.239+0000] {logging_mixin.py:188} INFO - [2026-04-23T15:59:17.239+0000] {dagbag.py:540} INFO - Filling up the DagBag from /opt/airflow/dags/sales_pipeline.py
[2026-04-23T15:59:17.504+0000] {processor.py:840} INFO - DAG(s) 'sales_pipeline' retrieved from /opt/airflow/dags/sales_pipeline.py
[2026-04-23T15:59:17.520+0000] {logging_mixin.py:188} INFO - [2026-04-23T15:59:17.520+0000] {dag.py:3096} INFO - Sync 1 DAGs
[2026-04-23T15:59:17.527+0000] {logging_mixin.py:188} INFO - [2026-04-23T15:59:17.527+0000] {dag.py:3954} INFO - Setting next_dagrun for sales_pipeline to 2026-04-23 08:00:00+00:00, run_after=2026-04-24 08:00:00+00:00
[2026-04-23T15:59:17.533+0000] {processor.py:183} INFO - Processing /opt/airflow/dags/sales_pipeline.py took 0.301 seconds
[2026-04-23T15:59:47.839+0000] {processor.py:161} INFO - Started process (PID=286) to work on /opt/airflow/dags/sales_pipeline.py
[2026-04-23T15:59:47.839+0000] {processor.py:830} INFO - Processing file /opt/airflow/dags/sales_pipeline.py for tasks to queue
[2026-04-23T15:59:47.840+0000] {logging_mixin.py:188} INFO - [2026-04-23T15:59:47.840+0000] {dagbag.py:540} INFO - Filling up the DagBag from /opt/airflow/dags/sales_pipeline.py
[2026-04-23T15:59:47.952+0000] {processor.py:840} INFO - DAG(s) 'sales_pipeline' retrieved from /opt/airflow/dags/sales_pipeline.py
[2026-04-23T15:59:47.963+0000] {logging_mixin.py:188} INFO - [2026-04-23T15:59:47.963+0000] {dag.py:3096} INFO - Sync 1 DAGs
[2026-04-23T15:59:47.971+0000] {logging_mixin.py:188} INFO - [2026-04-23T15:59:47.971+0000] {dag.py:3954} INFO - Setting next_dagrun for sales_pipeline to 2026-04-23 08:00:00+00:00, run_after=2026-04-24 08:00:00+00:00
[2026-04-23T15:59:47.976+0000] {processor.py:183} INFO - Processing /opt/airflow/dags/sales_pipeline.py took 0.140 seconds
[2026-04-23T16:00:18.042+0000] {processor.py:161} INFO - Started process (PID=328) to work on /opt/airflow/dags/sales_pipeline.py
[2026-04-23T16:00:18.043+0000] {processor.py:830} INFO - Processing file /opt/airflow/dags/sales_pipeline.py for tasks to queue
[2026-04-23T16:00:18.044+0000] {logging_mixin.py:188} INFO - [2026-04-23T16:00:18.044+0000] {dagbag.py:540} INFO - Filling up the DagBag from /opt/airflow/dags/sales_pipeline.py
[2026-04-23T16:00:18.196+0000] {processor.py:840} INFO - DAG(s) 'sales_pipeline' retrieved from /opt/airflow/dags/sales_pipeline.py
[2026-04-23T16:00:18.208+0000] {logging_mixin.py:188} INFO - [2026-04-23T16:00:18.208+0000] {dag.py:3096} INFO - Sync 1 DAGs
[2026-04-23T16:00:18.216+0000] {logging_mixin.py:188} INFO - [2026-04-23T16:00:18.216+0000] {dag.py:3954} INFO - Setting next_dagrun for sales_pipeline to 2026-04-23 08:00:00+00:00, run_after=2026-04-24 08:00:00+00:00
[2026-04-23T16:00:18.222+0000] {processor.py:183} INFO - Processing /opt/airflow/dags/sales_pipeline.py took 0.187 seconds
[2026-04-23T16:00:48.362+0000] {processor.py:161} INFO - Started process (PID=373) to work on /opt/airflow/dags/sales_pipeline.py
[2026-04-23T16:00:48.362+0000] {processor.py:830} INFO - Processing file /opt/airflow/dags/sales_pipeline.py for tasks to queue
[2026-04-23T16:00:48.364+0000] {logging_mixin.py:188} INFO - [2026-04-23T16:00:48.363+0000] {dagbag.py:540} INFO - Filling up the DagBag from /opt/airflow/dags/sales_pipeline.py
[2026-04-23T16:00:48.505+0000] {processor.py:840} INFO - DAG(s) 'sales_pipeline' retrieved from /opt/airflow/dags/sales_pipeline.py
[2026-04-23T16:00:48.517+0000] {logging_mixin.py:188} INFO - [2026-04-23T16:00:48.517+0000] {dag.py:3096} INFO - Sync 1 DAGs
[2026-04-23T16:00:48.526+0000] {logging_mixin.py:188} INFO - [2026-04-23T16:00:48.526+0000] {dag.py:3954} INFO - Setting next_dagrun for sales_pipeline to 2026-04-23 08:00:00+00:00, run_after=2026-04-24 08:00:00+00:00
[2026-04-23T16:00:48.533+0000] {processor.py:183} INFO - Processing /opt/airflow/dags/sales_pipeline.py took 0.177 seconds
[2026-04-23T16:01:18.663+0000] {processor.py:161} INFO - Started process (PID=415) to work on /opt/airflow/dags/sales_pipeline.py
[2026-04-23T16:01:18.664+0000] {processor.py:830} INFO - Processing file /opt/airflow/dags/sales_pipeline.py for tasks to queue
[2026-04-23T16:01:18.665+0000] {logging_mixin.py:188} INFO - [2026-04-23T16:01:18.665+0000] {dagbag.py:540} INFO - Filling up the DagBag from /opt/airflow/dags/sales_pipeline.py
[2026-04-23T16:01:18.830+0000] {processor.py:840} INFO - DAG(s) 'sales_pipeline' retrieved from /opt/airflow/dags/sales_pipeline.py
[2026-04-23T16:01:18.847+0000] {logging_mixin.py:188} INFO - [2026-04-23T16:01:18.846+0000] {dag.py:3096} INFO - Sync 1 DAGs
[2026-04-23T16:01:18.857+0000] {logging_mixin.py:188} INFO - [2026-04-23T16:01:18.856+0000] {dag.py:3954} INFO - Setting next_dagrun for sales_pipeline to 2026-04-23 08:00:00+00:00, run_after=2026-04-24 08:00:00+00:00
[2026-04-23T16:01:18.864+0000] {processor.py:183} INFO - Processing /opt/airflow/dags/sales_pipeline.py took 0.206 seconds
[2026-04-23T16:01:49.153+0000] {processor.py:161} INFO - Started process (PID=451) to work on /opt/airflow/dags/sales_pipeline.py
[2026-04-23T16:01:49.154+0000] {processor.py:830} INFO - Processing file /opt/airflow/dags/sales_pipeline.py for tasks to queue
[2026-04-23T16:01:49.156+0000] {logging_mixin.py:188} INFO - [2026-04-23T16:01:49.156+0000] {dagbag.py:540} INFO - Filling up the DagBag from /opt/airflow/dags/sales_pipeline.py
[2026-04-23T16:01:49.371+0000] {processor.py:840} INFO - DAG(s) 'sales_pipeline' retrieved from /opt/airflow/dags/sales_pipeline.py
[2026-04-23T16:01:49.386+0000] {logging_mixin.py:188} INFO - [2026-04-23T16:01:49.386+0000] {dag.py:3096} INFO - Sync 1 DAGs
[2026-04-23T16:01:49.396+0000] {logging_mixin.py:188} INFO - [2026-04-23T16:01:49.396+0000] {dag.py:3954} INFO - Setting next_dagrun for sales_pipeline to 2026-04-23 08:00:00+00:00, run_after=2026-04-24 08:00:00+00:00
[2026-04-23T16:01:49.402+0000] {processor.py:183} INFO - Processing /opt/airflow/dags/sales_pipeline.py took 0.255 seconds
[2026-04-23T16:02:19.620+0000] {processor.py:161} INFO - Started process (PID=494) to work on /opt/airflow/dags/sales_pipeline.py
[2026-04-23T16:02:19.622+0000] {processor.py:830} INFO - Processing file /opt/airflow/dags/sales_pipeline.py for tasks to queue
[2026-04-23T16:02:19.624+0000] {logging_mixin.py:188} INFO - [2026-04-23T16:02:19.623+0000] {dagbag.py:540} INFO - Filling up the DagBag from /opt/airflow/dags/sales_pipeline.py
[2026-04-23T16:02:19.775+0000] {processor.py:840} INFO - DAG(s) 'sales_pipeline' retrieved from /opt/airflow/dags/sales_pipeline.py
[2026-04-23T16:02:19.789+0000] {logging_mixin.py:188} INFO - [2026-04-23T16:02:19.788+0000] {dag.py:3096} INFO - Sync 1 DAGs
[2026-04-23T16:02:19.799+0000] {logging_mixin.py:188} INFO - [2026-04-23T16:02:19.799+0000] {dag.py:3954} INFO - Setting next_dagrun for sales_pipeline to 2026-04-23 08:00:00+00:00, run_after=2026-04-24 08:00:00+00:00
[2026-04-23T16:02:19.805+0000] {processor.py:183} INFO - Processing /opt/airflow/dags/sales_pipeline.py took 0.193 seconds
[2026-04-23T16:02:49.884+0000] {processor.py:161} INFO - Started process (PID=536) to work on /opt/airflow/dags/sales_pipeline.py
[2026-04-23T16:02:49.885+0000] {processor.py:830} INFO - Processing file /opt/airflow/dags/sales_pipeline.py for tasks to queue
[2026-04-23T16:02:49.887+0000] {logging_mixin.py:188} INFO - [2026-04-23T16:02:49.886+0000] {dagbag.py:540} INFO - Filling up the DagBag from /opt/airflow/dags/sales_pipeline.py
[2026-04-23T16:02:50.039+0000] {processor.py:840} INFO - DAG(s) 'sales_pipeline' retrieved from /opt/airflow/dags/sales_pipeline.py
[2026-04-23T16:02:50.054+0000] {logging_mixin.py:188} INFO - [2026-04-23T16:02:50.054+0000] {dag.py:3096} INFO - Sync 1 DAGs
[2026-04-23T16:02:50.063+0000] {logging_mixin.py:188} INFO - [2026-04-23T16:02:50.063+0000] {dag.py:3954} INFO - Setting next_dagrun for sales_pipeline to 2026-04-23 08:00:00+00:00, run_after=2026-04-24 08:00:00+00:00
[2026-04-23T16:02:50.070+0000] {processor.py:183} INFO - Processing /opt/airflow/dags/sales_pipeline.py took 0.190 seconds
[2026-04-23T16:03:20.356+0000] {processor.py:161} INFO - Started process (PID=572) to work on /opt/airflow/dags/sales_pipeline.py
[2026-04-23T16:03:20.357+0000] {processor.py:830} INFO - Processing file /opt/airflow/dags/sales_pipeline.py for tasks to queue
[2026-04-23T16:03:20.360+0000] {logging_mixin.py:188} INFO - [2026-04-23T16:03:20.360+0000] {dagbag.py:540} INFO - Filling up the DagBag from /opt/airflow/dags/sales_pipeline.py
[2026-04-23T16:03:20.554+0000] {processor.py:840} INFO - DAG(s) 'sales_pipeline' retrieved from /opt/airflow/dags/sales_pipeline.py
[2026-04-23T16:03:20.581+0000] {logging_mixin.py:188} INFO - [2026-04-23T16:03:20.581+0000] {dag.py:3096} INFO - Sync 1 DAGs
[2026-04-23T16:03:20.595+0000] {logging_mixin.py:188} INFO - [2026-04-23T16:03:20.595+0000] {dag.py:3954} INFO - Setting next_dagrun for sales_pipeline to 2026-04-23 08:00:00+00:00, run_after=2026-04-24 08:00:00+00:00
[2026-04-23T16:03:20.603+0000] {processor.py:183} INFO - Processing /opt/airflow/dags/sales_pipeline.py took 0.261 seconds
[2026-04-23T16:03:50.835+0000] {processor.py:161} INFO - Started process (PID=614) to work on /opt/airflow/dags/sales_pipeline.py
[2026-04-23T16:03:50.836+0000] {processor.py:830} INFO - Processing file /opt/airflow/dags/sales_pipeline.py for tasks to queue
[2026-04-23T16:03:50.839+0000] {logging_mixin.py:188} INFO - [2026-04-23T16:03:50.838+0000] {dagbag.py:540} INFO - Filling up the DagBag from /opt/airflow/dags/sales_pipeline.py
[2026-04-23T16:03:51.028+0000] {processor.py:840} INFO - DAG(s) 'sales_pipeline' retrieved from /opt/airflow/dags/sales_pipeline.py
[2026-04-23T16:03:51.040+0000] {logging_mixin.py:188} INFO - [2026-04-23T16:03:51.039+0000] {dag.py:3096} INFO - Sync 1 DAGs
[2026-04-23T16:03:51.047+0000] {logging_mixin.py:188} INFO - [2026-04-23T16:03:51.047+0000] {dag.py:3954} INFO - Setting next_dagrun for sales_pipeline to 2026-04-23 08:00:00+00:00, run_after=2026-04-24 08:00:00+00:00
[2026-04-23T16:03:51.054+0000] {processor.py:183} INFO - Processing /opt/airflow/dags/sales_pipeline.py took 0.229 seconds
[2026-04-23T16:04:21.315+0000] {processor.py:161} INFO - Started process (PID=656) to work on /opt/airflow/dags/sales_pipeline.py
[2026-04-23T16:04:21.317+0000] {processor.py:830} INFO - Processing file /opt/airflow/dags/sales_pipeline.py for tasks to queue
[2026-04-23T16:04:21.319+0000] {logging_mixin.py:188} INFO - [2026-04-23T16:04:21.319+0000] {dagbag.py:540} INFO - Filling up the DagBag from /opt/airflow/dags/sales_pipeline.py
[2026-04-23T16:04:21.494+0000] {processor.py:840} INFO - DAG(s) 'sales_pipeline' retrieved from /opt/airflow/dags/sales_pipeline.py
[2026-04-23T16:04:21.509+0000] {logging_mixin.py:188} INFO - [2026-04-23T16:04:21.509+0000] {dag.py:3096} INFO - Sync 1 DAGs
[2026-04-23T16:04:21.519+0000] {logging_mixin.py:188} INFO - [2026-04-23T16:04:21.519+0000] {dag.py:3954} INFO - Setting next_dagrun for sales_pipeline to 2026-04-23 08:00:00+00:00, run_after=2026-04-24 08:00:00+00:00
[2026-04-23T16:04:21.525+0000] {processor.py:183} INFO - Processing /opt/airflow/dags/sales_pipeline.py took 0.217 seconds
[2026-04-23T16:04:51.590+0000] {processor.py:161} INFO - Started process (PID=674) to work on /opt/airflow/dags/sales_pipeline.py
[2026-04-23T16:04:51.591+0000] {processor.py:830} INFO - Processing file /opt/airflow/dags/sales_pipeline.py for tasks to queue
[2026-04-23T16:04:51.593+0000] {logging_mixin.py:188} INFO - [2026-04-23T16:04:51.593+0000] {dagbag.py:540} INFO - Filling up the DagBag from /opt/airflow/dags/sales_pipeline.py
[2026-04-23T16:04:51.767+0000] {processor.py:840} INFO - DAG(s) 'sales_pipeline' retrieved from /opt/airflow/dags/sales_pipeline.py
[2026-04-23T16:04:51.782+0000] {logging_mixin.py:188} INFO - [2026-04-23T16:04:51.782+0000] {dag.py:3096} INFO - Sync 1 DAGs
[2026-04-23T16:04:51.791+0000] {logging_mixin.py:188} INFO - [2026-04-23T16:04:51.791+0000] {dag.py:3954} INFO - Setting next_dagrun for sales_pipeline to 2026-04-23 08:00:00+00:00, run_after=2026-04-24 08:00:00+00:00
[2026-04-23T16:04:51.800+0000] {processor.py:183} INFO - Processing /opt/airflow/dags/sales_pipeline.py took 0.218 seconds
[2026-04-23T16:05:22.073+0000] {processor.py:161} INFO - Started process (PID=686) to work on /opt/airflow/dags/sales_pipeline.py
[2026-04-23T16:05:22.074+0000] {processor.py:830} INFO - Processing file /opt/airflow/dags/sales_pipeline.py for tasks to queue
[2026-04-23T16:05:22.076+0000] {logging_mixin.py:188} INFO - [2026-04-23T16:05:22.076+0000] {dagbag.py:540} INFO - Filling up the DagBag from /opt/airflow/dags/sales_pipeline.py
[2026-04-23T16:05:22.300+0000] {processor.py:840} INFO - DAG(s) 'sales_pipeline' retrieved from /opt/airflow/dags/sales_pipeline.py
[2026-04-23T16:05:22.315+0000] {logging_mixin.py:188} INFO - [2026-04-23T16:05:22.314+0000] {dag.py:3096} INFO - Sync 1 DAGs
[2026-04-23T16:05:22.329+0000] {logging_mixin.py:188} INFO - [2026-04-23T16:05:22.329+0000] {dag.py:3954} INFO - Setting next_dagrun for sales_pipeline to 2026-04-23 08:00:00+00:00, run_after=2026-04-24 08:00:00+00:00
[2026-04-23T16:05:22.339+0000] {processor.py:183} INFO - Processing /opt/airflow/dags/sales_pipeline.py took 0.276 seconds
[2026-04-23T16:05:52.443+0000] {processor.py:161} INFO - Started process (PID=712) to work on /opt/airflow/dags/sales_pipeline.py
[2026-04-23T16:05:52.444+0000] {processor.py:830} INFO - Processing file /opt/airflow/dags/sales_pipeline.py for tasks to queue
[2026-04-23T16:05:52.446+0000] {logging_mixin.py:188} INFO - [2026-04-23T16:05:52.446+0000] {dagbag.py:540} INFO - Filling up the DagBag from /opt/airflow/dags/sales_pipeline.py
[2026-04-23T16:05:52.668+0000] {processor.py:840} INFO - DAG(s) 'sales_pipeline' retrieved from /opt/airflow/dags/sales_pipeline.py
[2026-04-23T16:05:52.695+0000] {logging_mixin.py:188} INFO - [2026-04-23T16:05:52.695+0000] {dag.py:3096} INFO - Sync 1 DAGs
[2026-04-23T16:05:52.714+0000] {logging_mixin.py:188} INFO - [2026-04-23T16:05:52.713+0000] {dag.py:3954} INFO - Setting next_dagrun for sales_pipeline to 2026-04-23 08:00:00+00:00, run_after=2026-04-24 08:00:00+00:00
[2026-04-23T16:05:52.724+0000] {processor.py:183} INFO - Processing /opt/airflow/dags/sales_pipeline.py took 0.287 seconds
[2026-04-23T16:06:24.462+0000] {processor.py:161} INFO - Started process (PID=209) to work on /opt/airflow/dags/sales_pipeline.py
[2026-04-23T16:06:24.463+0000] {processor.py:830} INFO - Processing file /opt/airflow/dags/sales_pipeline.py for tasks to queue
[2026-04-23T16:06:24.468+0000] {logging_mixin.py:188} INFO - [2026-04-23T16:06:24.467+0000] {dagbag.py:540} INFO - Filling up the DagBag from /opt/airflow/dags/sales_pipeline.py
[2026-04-23T16:06:24.756+0000] {processor.py:840} INFO - DAG(s) 'sales_pipeline' retrieved from /opt/airflow/dags/sales_pipeline.py
[2026-04-23T16:06:24.772+0000] {logging_mixin.py:188} INFO - [2026-04-23T16:06:24.771+0000] {dag.py:3096} INFO - Sync 1 DAGs
[2026-04-23T16:06:24.784+0000] {logging_mixin.py:188} INFO - [2026-04-23T16:06:24.784+0000] {dag.py:3954} INFO - Setting next_dagrun for sales_pipeline to 2026-04-23 08:00:00+00:00, run_after=2026-04-24 08:00:00+00:00
[2026-04-23T16:06:24.792+0000] {processor.py:183} INFO - Processing /opt/airflow/dags/sales_pipeline.py took 0.334 seconds
[2026-04-23T16:06:55.063+0000] {processor.py:161} INFO - Started process (PID=234) to work on /opt/airflow/dags/sales_pipeline.py
[2026-04-23T16:06:55.065+0000] {processor.py:830} INFO - Processing file /opt/airflow/dags/sales_pipeline.py for tasks to queue
[2026-04-23T16:06:55.067+0000] {logging_mixin.py:188} INFO - [2026-04-23T16:06:55.067+0000] {dagbag.py:540} INFO - Filling up the DagBag from /opt/airflow/dags/sales_pipeline.py
[2026-04-23T16:06:55.379+0000] {processor.py:840} INFO - DAG(s) 'sales_pipeline' retrieved from /opt/airflow/dags/sales_pipeline.py
[2026-04-23T16:06:55.427+0000] {logging_mixin.py:188} INFO - [2026-04-23T16:06:55.427+0000] {dag.py:3096} INFO - Sync 1 DAGs
[2026-04-23T16:06:55.437+0000] {logging_mixin.py:188} INFO - [2026-04-23T16:06:55.437+0000] {dag.py:3954} INFO - Setting next_dagrun for sales_pipeline to 2026-04-23 08:00:00+00:00, run_after=2026-04-24 08:00:00+00:00
[2026-04-23T16:06:55.444+0000] {processor.py:183} INFO - Processing /opt/airflow/dags/sales_pipeline.py took 0.387 seconds
[2026-04-23T16:07:12.723+0000] {processor.py:161} INFO - Started process (PID=240) to work on /opt/airflow/dags/sales_pipeline.py
[2026-04-23T16:07:12.725+0000] {processor.py:830} INFO - Processing file /opt/airflow/dags/sales_pipeline.py for tasks to queue
[2026-04-23T16:07:12.730+0000] {logging_mixin.py:188} INFO - [2026-04-23T16:07:12.729+0000] {dagbag.py:540} INFO - Filling up the DagBag from /opt/airflow/dags/sales_pipeline.py
[2026-04-23T16:07:13.265+0000] {processor.py:840} INFO - DAG(s) 'sales_pipeline' retrieved from /opt/airflow/dags/sales_pipeline.py
[2026-04-23T16:07:13.284+0000] {logging_mixin.py:188} INFO - [2026-04-23T16:07:13.284+0000] {dag.py:3096} INFO - Sync 1 DAGs
[2026-04-23T16:07:13.297+0000] {logging_mixin.py:188} INFO - [2026-04-23T16:07:13.297+0000] {dag.py:3954} INFO - Setting next_dagrun for sales_pipeline to 2026-04-23 08:00:00+00:00, run_after=2026-04-24 08:00:00+00:00
[2026-04-23T16:07:13.308+0000] {processor.py:183} INFO - Processing /opt/airflow/dags/sales_pipeline.py took 0.612 seconds
[2026-04-23T16:07:44.349+0000] {processor.py:161} INFO - Started process (PID=284) to work on /opt/airflow/dags/sales_pipeline.py
[2026-04-23T16:07:44.375+0000] {processor.py:830} INFO - Processing file /opt/airflow/dags/sales_pipeline.py for tasks to queue
[2026-04-23T16:07:44.455+0000] {logging_mixin.py:188} INFO - [2026-04-23T16:07:44.452+0000] {dagbag.py:540} INFO - Filling up the DagBag from /opt/airflow/dags/sales_pipeline.py
[2026-04-23T16:07:46.232+0000] {processor.py:840} INFO - DAG(s) 'sales_pipeline' retrieved from /opt/airflow/dags/sales_pipeline.py
[2026-04-23T16:07:46.382+0000] {logging_mixin.py:188} INFO - [2026-04-23T16:07:46.382+0000] {dag.py:3096} INFO - Sync 1 DAGs
[2026-04-23T16:07:46.397+0000] {logging_mixin.py:188} INFO - [2026-04-23T16:07:46.396+0000] {dag.py:3954} INFO - Setting next_dagrun for sales_pipeline to 2026-04-23 08:00:00+00:00, run_after=2026-04-24 08:00:00+00:00
[2026-04-23T16:07:46.408+0000] {processor.py:183} INFO - Processing /opt/airflow/dags/sales_pipeline.py took 2.174 seconds
[2026-04-23T16:08:17.164+0000] {processor.py:161} INFO - Started process (PID=313) to work on /opt/airflow/dags/sales_pipeline.py
[2026-04-23T16:08:17.171+0000] {processor.py:830} INFO - Processing file /opt/airflow/dags/sales_pipeline.py for tasks to queue
[2026-04-23T16:08:17.183+0000] {logging_mixin.py:188} INFO - [2026-04-23T16:08:17.182+0000] {dagbag.py:540} INFO - Filling up the DagBag from /opt/airflow/dags/sales_pipeline.py
[2026-04-23T16:08:17.903+0000] {processor.py:840} INFO - DAG(s) 'sales_pipeline' retrieved from /opt/airflow/dags/sales_pipeline.py
[2026-04-23T16:08:17.952+0000] {logging_mixin.py:188} INFO - [2026-04-23T16:08:17.952+0000] {dag.py:3096} INFO - Sync 1 DAGs
[2026-04-23T16:08:17.972+0000] {logging_mixin.py:188} INFO - [2026-04-23T16:08:17.972+0000] {dag.py:3954} INFO - Setting next_dagrun for sales_pipeline to 2026-04-23 08:00:00+00:00, run_after=2026-04-24 08:00:00+00:00
[2026-04-23T16:08:17.984+0000] {processor.py:183} INFO - Processing /opt/airflow/dags/sales_pipeline.py took 0.866 seconds
[2026-04-23T16:08:48.605+0000] {processor.py:161} INFO - Started process (PID=341) to work on /opt/airflow/dags/sales_pipeline.py
[2026-04-23T16:08:48.611+0000] {processor.py:830} INFO - Processing file /opt/airflow/dags/sales_pipeline.py for tasks to queue
[2026-04-23T16:08:48.620+0000] {logging_mixin.py:188} INFO - [2026-04-23T16:08:48.618+0000] {dagbag.py:540} INFO - Filling up the DagBag from /opt/airflow/dags/sales_pipeline.py
[2026-04-23T16:08:49.321+0000] {processor.py:840} INFO - DAG(s) 'sales_pipeline' retrieved from /opt/airflow/dags/sales_pipeline.py
[2026-04-23T16:08:49.404+0000] {logging_mixin.py:188} INFO - [2026-04-23T16:08:49.403+0000] {dag.py:3096} INFO - Sync 1 DAGs
[2026-04-23T16:08:49.448+0000] {logging_mixin.py:188} INFO - [2026-04-23T16:08:49.447+0000] {dag.py:3954} INFO - Setting next_dagrun for sales_pipeline to 2026-04-23 08:00:00+00:00, run_after=2026-04-24 08:00:00+00:00
[2026-04-23T16:08:49.467+0000] {processor.py:183} INFO - Processing /opt/airflow/dags/sales_pipeline.py took 0.884 seconds
[2026-04-23T16:09:20.116+0000] {processor.py:161} INFO - Started process (PID=372) to work on /opt/airflow/dags/sales_pipeline.py
[2026-04-23T16:09:20.118+0000] {processor.py:830} INFO - Processing file /opt/airflow/dags/sales_pipeline.py for tasks to queue
[2026-04-23T16:09:20.120+0000] {logging_mixin.py:188} INFO - [2026-04-23T16:09:20.119+0000] {dagbag.py:540} INFO - Filling up the DagBag from /opt/airflow/dags/sales_pipeline.py
[2026-04-23T16:09:20.328+0000] {processor.py:840} INFO - DAG(s) 'sales_pipeline' retrieved from /opt/airflow/dags/sales_pipeline.py
[2026-04-23T16:09:20.342+0000] {logging_mixin.py:188} INFO - [2026-04-23T16:09:20.342+0000] {dag.py:3096} INFO - Sync 1 DAGs
[2026-04-23T16:09:20.351+0000] {logging_mixin.py:188} INFO - [2026-04-23T16:09:20.351+0000] {dag.py:3954} INFO - Setting next_dagrun for sales_pipeline to 2026-04-23 08:00:00+00:00, run_after=2026-04-24 08:00:00+00:00
[2026-04-23T16:09:20.358+0000] {processor.py:183} INFO - Processing /opt/airflow/dags/sales_pipeline.py took 0.248 seconds
[2026-04-23T16:09:50.577+0000] {processor.py:161} INFO - Started process (PID=414) to work on /opt/airflow/dags/sales_pipeline.py
[2026-04-23T16:09:50.578+0000] {processor.py:830} INFO - Processing file /opt/airflow/dags/sales_pipeline.py for tasks to queue
[2026-04-23T16:09:50.579+0000] {logging_mixin.py:188} INFO - [2026-04-23T16:09:50.579+0000] {dagbag.py:540} INFO - Filling up the DagBag from /opt/airflow/dags/sales_pipeline.py
[2026-04-23T16:09:50.701+0000] {processor.py:840} INFO - DAG(s) 'sales_pipeline' retrieved from /opt/airflow/dags/sales_pipeline.py
[2026-04-23T16:09:50.714+0000] {logging_mixin.py:188} INFO - [2026-04-23T16:09:50.713+0000] {dag.py:3096} INFO - Sync 1 DAGs
[2026-04-23T16:09:50.722+0000] {logging_mixin.py:188} INFO - [2026-04-23T16:09:50.722+0000] {dag.py:3954} INFO - Setting next_dagrun for sales_pipeline to 2026-04-23 08:00:00+00:00, run_after=2026-04-24 08:00:00+00:00
[2026-04-23T16:09:50.728+0000] {processor.py:183} INFO - Processing /opt/airflow/dags/sales_pipeline.py took 0.154 seconds
[2026-04-23T16:10:20.803+0000] {processor.py:161} INFO - Started process (PID=450) to work on /opt/airflow/dags/sales_pipeline.py
[2026-04-23T16:10:20.804+0000] {processor.py:830} INFO - Processing file /opt/airflow/dags/sales_pipeline.py for tasks to queue
[2026-04-23T16:10:20.805+0000] {logging_mixin.py:188} INFO - [2026-04-23T16:10:20.805+0000] {dagbag.py:540} INFO - Filling up the DagBag from /opt/airflow/dags/sales_pipeline.py
[2026-04-23T16:10:20.921+0000] {processor.py:840} INFO - DAG(s) 'sales_pipeline' retrieved from /opt/airflow/dags/sales_pipeline.py
[2026-04-23T16:10:20.933+0000] {logging_mixin.py:188} INFO - [2026-04-23T16:10:20.933+0000] {dag.py:3096} INFO - Sync 1 DAGs
[2026-04-23T16:10:20.940+0000] {logging_mixin.py:188} INFO - [2026-04-23T16:10:20.940+0000] {dag.py:3954} INFO - Setting next_dagrun for sales_pipeline to 2026-04-23 08:00:00+00:00, run_after=2026-04-24 08:00:00+00:00
[2026-04-23T16:10:20.945+0000] {processor.py:183} INFO - Processing /opt/airflow/dags/sales_pipeline.py took 0.147 seconds
[2026-04-23T16:10:51.170+0000] {processor.py:161} INFO - Started process (PID=492) to work on /opt/airflow/dags/sales_pipeline.py
[2026-04-23T16:10:51.171+0000] {processor.py:830} INFO - Processing file /opt/airflow/dags/sales_pipeline.py for tasks to queue
[2026-04-23T16:10:51.173+0000] {logging_mixin.py:188} INFO - [2026-04-23T16:10:51.173+0000] {dagbag.py:540} INFO - Filling up the DagBag from /opt/airflow/dags/sales_pipeline.py
[2026-04-23T16:10:51.321+0000] {processor.py:840} INFO - DAG(s) 'sales_pipeline' retrieved from /opt/airflow/dags/sales_pipeline.py
[2026-04-23T16:10:51.335+0000] {logging_mixin.py:188} INFO - [2026-04-23T16:10:51.335+0000] {dag.py:3096} INFO - Sync 1 DAGs
[2026-04-23T16:10:51.345+0000] {logging_mixin.py:188} INFO - [2026-04-23T16:10:51.345+0000] {dag.py:3954} INFO - Setting next_dagrun for sales_pipeline to 2026-04-23 08:00:00+00:00, run_after=2026-04-24 08:00:00+00:00
[2026-04-23T16:10:51.352+0000] {processor.py:183} INFO - Processing /opt/airflow/dags/sales_pipeline.py took 0.191 seconds
[2026-04-23T16:11:21.414+0000] {processor.py:161} INFO - Started process (PID=535) to work on /opt/airflow/dags/sales_pipeline.py
[2026-04-23T16:11:21.415+0000] {processor.py:830} INFO - Processing file /opt/airflow/dags/sales_pipeline.py for tasks to queue
[2026-04-23T16:11:21.416+0000] {logging_mixin.py:188} INFO - [2026-04-23T16:11:21.416+0000] {dagbag.py:540} INFO - Filling up the DagBag from /opt/airflow/dags/sales_pipeline.py
[2026-04-23T16:11:21.539+0000] {processor.py:840} INFO - DAG(s) 'sales_pipeline' retrieved from /opt/airflow/dags/sales_pipeline.py
[2026-04-23T16:11:21.550+0000] {logging_mixin.py:188} INFO - [2026-04-23T16:11:21.549+0000] {dag.py:3096} INFO - Sync 1 DAGs
[2026-04-23T16:11:21.557+0000] {logging_mixin.py:188} INFO - [2026-04-23T16:11:21.557+0000] {dag.py:3954} INFO - Setting next_dagrun for sales_pipeline to 2026-04-23 08:00:00+00:00, run_after=2026-04-24 08:00:00+00:00
[2026-04-23T16:11:21.562+0000] {processor.py:183} INFO - Processing /opt/airflow/dags/sales_pipeline.py took 0.154 seconds
[2026-04-23T16:11:51.722+0000] {processor.py:161} INFO - Started process (PID=577) to work on /opt/airflow/dags/sales_pipeline.py
[2026-04-23T16:11:51.729+0000] {processor.py:830} INFO - Processing file /opt/airflow/dags/sales_pipeline.py for tasks to queue
[2026-04-23T16:11:51.754+0000] {logging_mixin.py:188} INFO - [2026-04-23T16:11:51.745+0000] {dagbag.py:540} INFO - Filling up the DagBag from /opt/airflow/dags/sales_pipeline.py
[2026-04-23T16:11:51.965+0000] {processor.py:840} INFO - DAG(s) 'sales_pipeline' retrieved from /opt/airflow/dags/sales_pipeline.py
[2026-04-23T16:11:51.977+0000] {logging_mixin.py:188} INFO - [2026-04-23T16:11:51.977+0000] {dag.py:3096} INFO - Sync 1 DAGs
[2026-04-23T16:11:51.985+0000] {logging_mixin.py:188} INFO - [2026-04-23T16:11:51.985+0000] {dag.py:3954} INFO - Setting next_dagrun for sales_pipeline to 2026-04-23 08:00:00+00:00, run_after=2026-04-24 08:00:00+00:00
[2026-04-23T16:11:51.991+0000] {processor.py:183} INFO - Processing /opt/airflow/dags/sales_pipeline.py took 0.282 seconds
[2026-04-23T16:12:22.214+0000] {processor.py:161} INFO - Started process (PID=613) to work on /opt/airflow/dags/sales_pipeline.py
[2026-04-23T16:12:22.216+0000] {processor.py:830} INFO - Processing file /opt/airflow/dags/sales_pipeline.py for tasks to queue
[2026-04-23T16:12:22.218+0000] {logging_mixin.py:188} INFO - [2026-04-23T16:12:22.217+0000] {dagbag.py:540} INFO - Filling up the DagBag from /opt/airflow/dags/sales_pipeline.py
[2026-04-23T16:12:22.352+0000] {processor.py:840} INFO - DAG(s) 'sales_pipeline' retrieved from /opt/airflow/dags/sales_pipeline.py
[2026-04-23T16:12:22.365+0000] {logging_mixin.py:188} INFO - [2026-04-23T16:12:22.364+0000] {dag.py:3096} INFO - Sync 1 DAGs
[2026-04-23T16:12:22.373+0000] {logging_mixin.py:188} INFO - [2026-04-23T16:12:22.373+0000] {dag.py:3954} INFO - Setting next_dagrun for sales_pipeline to 2026-04-23 08:00:00+00:00, run_after=2026-04-24 08:00:00+00:00
[2026-04-23T16:12:22.379+0000] {processor.py:183} INFO - Processing /opt/airflow/dags/sales_pipeline.py took 0.172 seconds
[2026-04-23T16:12:52.474+0000] {processor.py:161} INFO - Started process (PID=655) to work on /opt/airflow/dags/sales_pipeline.py
[2026-04-23T16:12:52.475+0000] {processor.py:830} INFO - Processing file /opt/airflow/dags/sales_pipeline.py for tasks to queue
[2026-04-23T16:12:52.476+0000] {logging_mixin.py:188} INFO - [2026-04-23T16:12:52.476+0000] {dagbag.py:540} INFO - Filling up the DagBag from /opt/airflow/dags/sales_pipeline.py
[2026-04-23T16:12:52.625+0000] {processor.py:840} INFO - DAG(s) 'sales_pipeline' retrieved from /opt/airflow/dags/sales_pipeline.py
[2026-04-23T16:12:52.640+0000] {logging_mixin.py:188} INFO - [2026-04-23T16:12:52.640+0000] {dag.py:3096} INFO - Sync 1 DAGs
[2026-04-23T16:12:52.648+0000] {logging_mixin.py:188} INFO - [2026-04-23T16:12:52.648+0000] {dag.py:3954} INFO - Setting next_dagrun for sales_pipeline to 2026-04-23 08:00:00+00:00, run_after=2026-04-24 08:00:00+00:00
[2026-04-23T16:12:52.655+0000] {processor.py:183} INFO - Processing /opt/airflow/dags/sales_pipeline.py took 0.188 seconds
[2026-04-23T16:13:22.857+0000] {processor.py:161} INFO - Started process (PID=661) to work on /opt/airflow/dags/sales_pipeline.py
[2026-04-23T16:13:22.858+0000] {processor.py:830} INFO - Processing file /opt/airflow/dags/sales_pipeline.py for tasks to queue
[2026-04-23T16:13:22.861+0000] {logging_mixin.py:188} INFO - [2026-04-23T16:13:22.861+0000] {dagbag.py:540} INFO - Filling up the DagBag from /opt/airflow/dags/sales_pipeline.py
[2026-04-23T16:13:23.046+0000] {processor.py:840} INFO - DAG(s) 'sales_pipeline' retrieved from /opt/airflow/dags/sales_pipeline.py
[2026-04-23T16:13:23.059+0000] {logging_mixin.py:188} INFO - [2026-04-23T16:13:23.059+0000] {dag.py:3096} INFO - Sync 1 DAGs
[2026-04-23T16:13:23.070+0000] {logging_mixin.py:188} INFO - [2026-04-23T16:13:23.070+0000] {dag.py:3954} INFO - Setting next_dagrun for sales_pipeline to 2026-04-23 08:00:00+00:00, run_after=2026-04-24 08:00:00+00:00
[2026-04-23T16:13:23.077+0000] {processor.py:183} INFO - Processing /opt/airflow/dags/sales_pipeline.py took 0.229 seconds
[2026-04-23T16:13:53.350+0000] {processor.py:161} INFO - Started process (PID=667) to work on /opt/airflow/dags/sales_pipeline.py
[2026-04-23T16:13:53.351+0000] {processor.py:830} INFO - Processing file /opt/airflow/dags/sales_pipeline.py for tasks to queue
[2026-04-23T16:13:53.353+0000] {logging_mixin.py:188} INFO - [2026-04-23T16:13:53.352+0000] {dagbag.py:540} INFO - Filling up the DagBag from /opt/airflow/dags/sales_pipeline.py
[2026-04-23T16:13:53.479+0000] {processor.py:840} INFO - DAG(s) 'sales_pipeline' retrieved from /opt/airflow/dags/sales_pipeline.py
[2026-04-23T16:13:53.491+0000] {logging_mixin.py:188} INFO - [2026-04-23T16:13:53.491+0000] {dag.py:3096} INFO - Sync 1 DAGs
[2026-04-23T16:13:53.499+0000] {logging_mixin.py:188} INFO - [2026-04-23T16:13:53.499+0000] {dag.py:3954} INFO - Setting next_dagrun for sales_pipeline to 2026-04-23 08:00:00+00:00, run_after=2026-04-24 08:00:00+00:00
[2026-04-23T16:13:53.504+0000] {processor.py:183} INFO - Processing /opt/airflow/dags/sales_pipeline.py took 0.161 seconds
[2026-04-23T16:14:23.627+0000] {processor.py:161} INFO - Started process (PID=673) to work on /opt/airflow/dags/sales_pipeline.py
[2026-04-23T16:14:23.629+0000] {processor.py:830} INFO - Processing file /opt/airflow/dags/sales_pipeline.py for tasks to queue
[2026-04-23T16:14:23.631+0000] {logging_mixin.py:188} INFO - [2026-04-23T16:14:23.630+0000] {dagbag.py:540} INFO - Filling up the DagBag from /opt/airflow/dags/sales_pipeline.py
[2026-04-23T16:14:23.777+0000] {processor.py:840} INFO - DAG(s) 'sales_pipeline' retrieved from /opt/airflow/dags/sales_pipeline.py
[2026-04-23T16:14:23.790+0000] {logging_mixin.py:188} INFO - [2026-04-23T16:14:23.790+0000] {dag.py:3096} INFO - Sync 1 DAGs
[2026-04-23T16:14:23.798+0000] {logging_mixin.py:188} INFO - [2026-04-23T16:14:23.798+0000] {dag.py:3954} INFO - Setting next_dagrun for sales_pipeline to 2026-04-23 08:00:00+00:00, run_after=2026-04-24 08:00:00+00:00
[2026-04-23T16:14:23.804+0000] {processor.py:183} INFO - Processing /opt/airflow/dags/sales_pipeline.py took 0.184 seconds
[2026-04-23T16:14:54.008+0000] {processor.py:161} INFO - Started process (PID=679) to work on /opt/airflow/dags/sales_pipeline.py
[2026-04-23T16:14:54.009+0000] {processor.py:830} INFO - Processing file /opt/airflow/dags/sales_pipeline.py for tasks to queue
[2026-04-23T16:14:54.014+0000] {logging_mixin.py:188} INFO - [2026-04-23T16:14:54.013+0000] {dagbag.py:540} INFO - Filling up the DagBag from /opt/airflow/dags/sales_pipeline.py
[2026-04-23T16:14:54.162+0000] {processor.py:840} INFO - DAG(s) 'sales_pipeline' retrieved from /opt/airflow/dags/sales_pipeline.py
[2026-04-23T16:14:54.174+0000] {logging_mixin.py:188} INFO - [2026-04-23T16:14:54.173+0000] {dag.py:3096} INFO - Sync 1 DAGs
[2026-04-23T16:14:54.182+0000] {logging_mixin.py:188} INFO - [2026-04-23T16:14:54.181+0000] {dag.py:3954} INFO - Setting next_dagrun for sales_pipeline to 2026-04-23 08:00:00+00:00, run_after=2026-04-24 08:00:00+00:00
[2026-04-23T16:14:54.188+0000] {processor.py:183} INFO - Processing /opt/airflow/dags/sales_pipeline.py took 0.190 seconds
[2026-04-23T16:15:24.294+0000] {processor.py:161} INFO - Started process (PID=685) to work on /opt/airflow/dags/sales_pipeline.py
[2026-04-23T16:15:24.295+0000] {processor.py:830} INFO - Processing file /opt/airflow/dags/sales_pipeline.py for tasks to queue
[2026-04-23T16:15:24.297+0000] {logging_mixin.py:188} INFO - [2026-04-23T16:15:24.296+0000] {dagbag.py:540} INFO - Filling up the DagBag from /opt/airflow/dags/sales_pipeline.py
[2026-04-23T16:15:24.434+0000] {processor.py:840} INFO - DAG(s) 'sales_pipeline' retrieved from /opt/airflow/dags/sales_pipeline.py
[2026-04-23T16:15:24.445+0000] {logging_mixin.py:188} INFO - [2026-04-23T16:15:24.445+0000] {dag.py:3096} INFO - Sync 1 DAGs
[2026-04-23T16:15:24.453+0000] {logging_mixin.py:188} INFO - [2026-04-23T16:15:24.453+0000] {dag.py:3954} INFO - Setting next_dagrun for sales_pipeline to 2026-04-23 08:00:00+00:00, run_after=2026-04-24 08:00:00+00:00
[2026-04-23T16:15:24.459+0000] {processor.py:183} INFO - Processing /opt/airflow/dags/sales_pipeline.py took 0.169 seconds
[2026-04-23T16:15:54.670+0000] {processor.py:161} INFO - Started process (PID=691) to work on /opt/airflow/dags/sales_pipeline.py
[2026-04-23T16:15:54.671+0000] {processor.py:830} INFO - Processing file /opt/airflow/dags/sales_pipeline.py for tasks to queue
[2026-04-23T16:15:54.672+0000] {logging_mixin.py:188} INFO - [2026-04-23T16:15:54.672+0000] {dagbag.py:540} INFO - Filling up the DagBag from /opt/airflow/dags/sales_pipeline.py
[2026-04-23T16:15:54.801+0000] {processor.py:840} INFO - DAG(s) 'sales_pipeline' retrieved from /opt/airflow/dags/sales_pipeline.py
[2026-04-23T16:15:54.813+0000] {logging_mixin.py:188} INFO - [2026-04-23T16:15:54.813+0000] {dag.py:3096} INFO - Sync 1 DAGs
[2026-04-23T16:15:54.820+0000] {logging_mixin.py:188} INFO - [2026-04-23T16:15:54.820+0000] {dag.py:3954} INFO - Setting next_dagrun for sales_pipeline to 2026-04-23 08:00:00+00:00, run_after=2026-04-24 08:00:00+00:00
[2026-04-23T16:15:54.827+0000] {processor.py:183} INFO - Processing /opt/airflow/dags/sales_pipeline.py took 0.162 seconds
[2026-04-23T16:16:24.951+0000] {processor.py:161} INFO - Started process (PID=697) to work on /opt/airflow/dags/sales_pipeline.py
[2026-04-23T16:16:24.952+0000] {processor.py:830} INFO - Processing file /opt/airflow/dags/sales_pipeline.py for tasks to queue
[2026-04-23T16:16:24.953+0000] {logging_mixin.py:188} INFO - [2026-04-23T16:16:24.953+0000] {dagbag.py:540} INFO - Filling up the DagBag from /opt/airflow/dags/sales_pipeline.py
[2026-04-23T16:16:25.170+0000] {processor.py:840} INFO - DAG(s) 'sales_pipeline' retrieved from /opt/airflow/dags/sales_pipeline.py
[2026-04-23T16:16:25.189+0000] {logging_mixin.py:188} INFO - [2026-04-23T16:16:25.189+0000] {dag.py:3096} INFO - Sync 1 DAGs
[2026-04-23T16:16:25.203+0000] {logging_mixin.py:188} INFO - [2026-04-23T16:16:25.203+0000] {dag.py:3954} INFO - Setting next_dagrun for sales_pipeline to 2026-04-23 08:00:00+00:00, run_after=2026-04-24 08:00:00+00:00
[2026-04-23T16:16:25.212+0000] {processor.py:183} INFO - Processing /opt/airflow/dags/sales_pipeline.py took 0.267 seconds
[2026-04-23T16:16:55.401+0000] {processor.py:161} INFO - Started process (PID=703) to work on /opt/airflow/dags/sales_pipeline.py
[2026-04-23T16:16:55.402+0000] {processor.py:830} INFO - Processing file /opt/airflow/dags/sales_pipeline.py for tasks to queue
[2026-04-23T16:16:55.405+0000] {logging_mixin.py:188} INFO - [2026-04-23T16:16:55.405+0000] {dagbag.py:540} INFO - Filling up the DagBag from /opt/airflow/dags/sales_pipeline.py
[2026-04-23T16:16:55.549+0000] {processor.py:840} INFO - DAG(s) 'sales_pipeline' retrieved from /opt/airflow/dags/sales_pipeline.py
[2026-04-23T16:16:55.561+0000] {logging_mixin.py:188} INFO - [2026-04-23T16:16:55.561+0000] {dag.py:3096} INFO - Sync 1 DAGs
[2026-04-23T16:16:55.573+0000] {logging_mixin.py:188} INFO - [2026-04-23T16:16:55.573+0000] {dag.py:3954} INFO - Setting next_dagrun for sales_pipeline to 2026-04-23 08:00:00+00:00, run_after=2026-04-24 08:00:00+00:00
[2026-04-23T16:16:55.579+0000] {processor.py:183} INFO - Processing /opt/airflow/dags/sales_pipeline.py took 0.188 seconds
[2026-04-23T16:17:25.820+0000] {processor.py:161} INFO - Started process (PID=709) to work on /opt/airflow/dags/sales_pipeline.py
[2026-04-23T16:17:25.821+0000] {processor.py:830} INFO - Processing file /opt/airflow/dags/sales_pipeline.py for tasks to queue
[2026-04-23T16:17:25.822+0000] {logging_mixin.py:188} INFO - [2026-04-23T16:17:25.822+0000] {dagbag.py:540} INFO - Filling up the DagBag from /opt/airflow/dags/sales_pipeline.py
[2026-04-23T16:17:25.964+0000] {processor.py:840} INFO - DAG(s) 'sales_pipeline' retrieved from /opt/airflow/dags/sales_pipeline.py
[2026-04-23T16:17:25.976+0000] {logging_mixin.py:188} INFO - [2026-04-23T16:17:25.976+0000] {dag.py:3096} INFO - Sync 1 DAGs
[2026-04-23T16:17:25.984+0000] {logging_mixin.py:188} INFO - [2026-04-23T16:17:25.984+0000] {dag.py:3954} INFO - Setting next_dagrun for sales_pipeline to 2026-04-23 08:00:00+00:00, run_after=2026-04-24 08:00:00+00:00
[2026-04-23T16:17:25.991+0000] {processor.py:183} INFO - Processing /opt/airflow/dags/sales_pipeline.py took 0.176 seconds
[2026-04-23T16:17:56.098+0000] {processor.py:161} INFO - Started process (PID=715) to work on /opt/airflow/dags/sales_pipeline.py
[2026-04-23T16:17:56.099+0000] {processor.py:830} INFO - Processing file /opt/airflow/dags/sales_pipeline.py for tasks to queue
[2026-04-23T16:17:56.101+0000] {logging_mixin.py:188} INFO - [2026-04-23T16:17:56.100+0000] {dagbag.py:540} INFO - Filling up the DagBag from /opt/airflow/dags/sales_pipeline.py
[2026-04-23T16:17:56.225+0000] {processor.py:840} INFO - DAG(s) 'sales_pipeline' retrieved from /opt/airflow/dags/sales_pipeline.py
[2026-04-23T16:17:56.236+0000] {logging_mixin.py:188} INFO - [2026-04-23T16:17:56.236+0000] {dag.py:3096} INFO - Sync 1 DAGs
[2026-04-23T16:17:56.243+0000] {logging_mixin.py:188} INFO - [2026-04-23T16:17:56.243+0000] {dag.py:3954} INFO - Setting next_dagrun for sales_pipeline to 2026-04-23 08:00:00+00:00, run_after=2026-04-24 08:00:00+00:00
[2026-04-23T16:17:56.249+0000] {processor.py:183} INFO - Processing /opt/airflow/dags/sales_pipeline.py took 0.157 seconds
[2026-04-23T16:18:26.497+0000] {processor.py:161} INFO - Started process (PID=721) to work on /opt/airflow/dags/sales_pipeline.py
[2026-04-23T16:18:26.498+0000] {processor.py:830} INFO - Processing file /opt/airflow/dags/sales_pipeline.py for tasks to queue
[2026-04-23T16:18:26.501+0000] {logging_mixin.py:188} INFO - [2026-04-23T16:18:26.501+0000] {dagbag.py:540} INFO - Filling up the DagBag from /opt/airflow/dags/sales_pipeline.py
[2026-04-23T16:18:26.664+0000] {processor.py:840} INFO - DAG(s) 'sales_pipeline' retrieved from /opt/airflow/dags/sales_pipeline.py
[2026-04-23T16:18:26.678+0000] {logging_mixin.py:188} INFO - [2026-04-23T16:18:26.677+0000] {dag.py:3096} INFO - Sync 1 DAGs
[2026-04-23T16:18:26.686+0000] {logging_mixin.py:188} INFO - [2026-04-23T16:18:26.686+0000] {dag.py:3954} INFO - Setting next_dagrun for sales_pipeline to 2026-04-23 08:00:00+00:00, run_after=2026-04-24 08:00:00+00:00
[2026-04-23T16:18:26.693+0000] {processor.py:183} INFO - Processing /opt/airflow/dags/sales_pipeline.py took 0.203 seconds
[2026-04-23T16:18:56.786+0000] {processor.py:161} INFO - Started process (PID=727) to work on /opt/airflow/dags/sales_pipeline.py
[2026-04-23T16:18:56.787+0000] {processor.py:830} INFO - Processing file /opt/airflow/dags/sales_pipeline.py for tasks to queue
[2026-04-23T16:18:56.788+0000] {logging_mixin.py:188} INFO - [2026-04-23T16:18:56.788+0000] {dagbag.py:540} INFO - Filling up the DagBag from /opt/airflow/dags/sales_pipeline.py
[2026-04-23T16:18:56.907+0000] {processor.py:840} INFO - DAG(s) 'sales_pipeline' retrieved from /opt/airflow/dags/sales_pipeline.py
[2026-04-23T16:18:56.918+0000] {logging_mixin.py:188} INFO - [2026-04-23T16:18:56.918+0000] {dag.py:3096} INFO - Sync 1 DAGs
[2026-04-23T16:18:56.926+0000] {logging_mixin.py:188} INFO - [2026-04-23T16:18:56.925+0000] {dag.py:3954} INFO - Setting next_dagrun for sales_pipeline to 2026-04-23 08:00:00+00:00, run_after=2026-04-24 08:00:00+00:00
[2026-04-23T16:18:56.931+0000] {processor.py:183} INFO - Processing /opt/airflow/dags/sales_pipeline.py took 0.149 seconds
[2026-04-23T16:19:27.225+0000] {processor.py:161} INFO - Started process (PID=733) to work on /opt/airflow/dags/sales_pipeline.py
[2026-04-23T16:19:27.226+0000] {processor.py:830} INFO - Processing file /opt/airflow/dags/sales_pipeline.py for tasks to queue
[2026-04-23T16:19:27.228+0000] {logging_mixin.py:188} INFO - [2026-04-23T16:19:27.228+0000] {dagbag.py:540} INFO - Filling up the DagBag from /opt/airflow/dags/sales_pipeline.py
[2026-04-23T16:19:27.379+0000] {processor.py:840} INFO - DAG(s) 'sales_pipeline' retrieved from /opt/airflow/dags/sales_pipeline.py
[2026-04-23T16:19:27.392+0000] {logging_mixin.py:188} INFO - [2026-04-23T16:19:27.392+0000] {dag.py:3096} INFO - Sync 1 DAGs
[2026-04-23T16:19:27.401+0000] {logging_mixin.py:188} INFO - [2026-04-23T16:19:27.401+0000] {dag.py:3954} INFO - Setting next_dagrun for sales_pipeline to 2026-04-23 08:00:00+00:00, run_after=2026-04-24 08:00:00+00:00
[2026-04-23T16:19:27.408+0000] {processor.py:183} INFO - Processing /opt/airflow/dags/sales_pipeline.py took 0.191 seconds
[2026-04-23T16:19:57.490+0000] {processor.py:161} INFO - Started process (PID=739) to work on /opt/airflow/dags/sales_pipeline.py
[2026-04-23T16:19:57.491+0000] {processor.py:830} INFO - Processing file /opt/airflow/dags/sales_pipeline.py for tasks to queue
[2026-04-23T16:19:57.492+0000] {logging_mixin.py:188} INFO - [2026-04-23T16:19:57.492+0000] {dagbag.py:540} INFO - Filling up the DagBag from /opt/airflow/dags/sales_pipeline.py
[2026-04-23T16:19:57.618+0000] {processor.py:840} INFO - DAG(s) 'sales_pipeline' retrieved from /opt/airflow/dags/sales_pipeline.py
[2026-04-23T16:19:57.630+0000] {logging_mixin.py:188} INFO - [2026-04-23T16:19:57.630+0000] {dag.py:3096} INFO - Sync 1 DAGs
[2026-04-23T16:19:57.638+0000] {logging_mixin.py:188} INFO - [2026-04-23T16:19:57.638+0000] {dag.py:3954} INFO - Setting next_dagrun for sales_pipeline to 2026-04-23 08:00:00+00:00, run_after=2026-04-24 08:00:00+00:00
[2026-04-23T16:19:57.644+0000] {processor.py:183} INFO - Processing /opt/airflow/dags/sales_pipeline.py took 0.160 seconds
[2026-04-23T16:20:27.895+0000] {processor.py:161} INFO - Started process (PID=745) to work on /opt/airflow/dags/sales_pipeline.py
[2026-04-23T16:20:27.896+0000] {processor.py:830} INFO - Processing file /opt/airflow/dags/sales_pipeline.py for tasks to queue
[2026-04-23T16:20:27.898+0000] {logging_mixin.py:188} INFO - [2026-04-23T16:20:27.897+0000] {dagbag.py:540} INFO - Filling up the DagBag from /opt/airflow/dags/sales_pipeline.py
[2026-04-23T16:20:28.021+0000] {processor.py:840} INFO - DAG(s) 'sales_pipeline' retrieved from /opt/airflow/dags/sales_pipeline.py
[2026-04-23T16:20:28.032+0000] {logging_mixin.py:188} INFO - [2026-04-23T16:20:28.032+0000] {dag.py:3096} INFO - Sync 1 DAGs
[2026-04-23T16:20:28.039+0000] {logging_mixin.py:188} INFO - [2026-04-23T16:20:28.039+0000] {dag.py:3954} INFO - Setting next_dagrun for sales_pipeline to 2026-04-23 08:00:00+00:00, run_after=2026-04-24 08:00:00+00:00
[2026-04-23T16:20:28.045+0000] {processor.py:183} INFO - Processing /opt/airflow/dags/sales_pipeline.py took 0.155 seconds
[2026-04-23T16:20:58.182+0000] {processor.py:161} INFO - Started process (PID=751) to work on /opt/airflow/dags/sales_pipeline.py
[2026-04-23T16:20:58.183+0000] {processor.py:830} INFO - Processing file /opt/airflow/dags/sales_pipeline.py for tasks to queue
[2026-04-23T16:20:58.185+0000] {logging_mixin.py:188} INFO - [2026-04-23T16:20:58.185+0000] {dagbag.py:540} INFO - Filling up the DagBag from /opt/airflow/dags/sales_pipeline.py
[2026-04-23T16:20:58.334+0000] {processor.py:840} INFO - DAG(s) 'sales_pipeline' retrieved from /opt/airflow/dags/sales_pipeline.py
[2026-04-23T16:20:58.346+0000] {logging_mixin.py:188} INFO - [2026-04-23T16:20:58.346+0000] {dag.py:3096} INFO - Sync 1 DAGs
[2026-04-23T16:20:58.354+0000] {logging_mixin.py:188} INFO - [2026-04-23T16:20:58.354+0000] {dag.py:3954} INFO - Setting next_dagrun for sales_pipeline to 2026-04-23 08:00:00+00:00, run_after=2026-04-24 08:00:00+00:00
[2026-04-23T16:20:58.360+0000] {processor.py:183} INFO - Processing /opt/airflow/dags/sales_pipeline.py took 0.187 seconds
[2026-04-23T16:21:28.609+0000] {processor.py:161} INFO - Started process (PID=757) to work on /opt/airflow/dags/sales_pipeline.py
[2026-04-23T16:21:28.610+0000] {processor.py:830} INFO - Processing file /opt/airflow/dags/sales_pipeline.py for tasks to queue
[2026-04-23T16:21:28.612+0000] {logging_mixin.py:188} INFO - [2026-04-23T16:21:28.611+0000] {dagbag.py:540} INFO - Filling up the DagBag from /opt/airflow/dags/sales_pipeline.py
[2026-04-23T16:21:28.743+0000] {processor.py:840} INFO - DAG(s) 'sales_pipeline' retrieved from /opt/airflow/dags/sales_pipeline.py
[2026-04-23T16:21:28.757+0000] {logging_mixin.py:188} INFO - [2026-04-23T16:21:28.757+0000] {dag.py:3096} INFO - Sync 1 DAGs
[2026-04-23T16:21:28.766+0000] {logging_mixin.py:188} INFO - [2026-04-23T16:21:28.765+0000] {dag.py:3954} INFO - Setting next_dagrun for sales_pipeline to 2026-04-23 08:00:00+00:00, run_after=2026-04-24 08:00:00+00:00
[2026-04-23T16:21:28.772+0000] {processor.py:183} INFO - Processing /opt/airflow/dags/sales_pipeline.py took 0.169 seconds
[2026-04-23T16:21:58.915+0000] {processor.py:161} INFO - Started process (PID=763) to work on /opt/airflow/dags/sales_pipeline.py
[2026-04-23T16:21:58.916+0000] {processor.py:830} INFO - Processing file /opt/airflow/dags/sales_pipeline.py for tasks to queue
[2026-04-23T16:21:58.919+0000] {logging_mixin.py:188} INFO - [2026-04-23T16:21:58.918+0000] {dagbag.py:540} INFO - Filling up the DagBag from /opt/airflow/dags/sales_pipeline.py
[2026-04-23T16:21:59.061+0000] {processor.py:840} INFO - DAG(s) 'sales_pipeline' retrieved from /opt/airflow/dags/sales_pipeline.py
[2026-04-23T16:21:59.071+0000] {logging_mixin.py:188} INFO - [2026-04-23T16:21:59.071+0000] {dag.py:3096} INFO - Sync 1 DAGs
[2026-04-23T16:21:59.079+0000] {logging_mixin.py:188} INFO - [2026-04-23T16:21:59.079+0000] {dag.py:3954} INFO - Setting next_dagrun for sales_pipeline to 2026-04-23 08:00:00+00:00, run_after=2026-04-24 08:00:00+00:00
[2026-04-23T16:21:59.084+0000] {processor.py:183} INFO - Processing /opt/airflow/dags/sales_pipeline.py took 0.177 seconds
[2026-04-23T16:22:03.138+0000] {processor.py:161} INFO - Started process (PID=769) to work on /opt/airflow/dags/sales_pipeline.py
[2026-04-23T16:22:03.139+0000] {processor.py:830} INFO - Processing file /opt/airflow/dags/sales_pipeline.py for tasks to queue
[2026-04-23T16:22:03.140+0000] {logging_mixin.py:188} INFO - [2026-04-23T16:22:03.140+0000] {dagbag.py:540} INFO - Filling up the DagBag from /opt/airflow/dags/sales_pipeline.py
[2026-04-23T16:22:03.149+0000] {logging_mixin.py:188} INFO - [2026-04-23T16:22:03.146+0000] {dagbag.py:350} ERROR - Failed to import: /opt/airflow/dags/sales_pipeline.py
Traceback (most recent call last):
  File "/home/airflow/.local/lib/python3.11/site-packages/airflow/models/dagbag.py", line 346, in parse
    loader.exec_module(new_module)
  File "<frozen importlib._bootstrap_external>", line 940, in exec_module
  File "<frozen importlib._bootstrap>", line 241, in _call_with_frames_removed
  File "/opt/airflow/dags/sales_pipeline.py", line 14, in <module>
    from sales_pipeline.tasks import (
  File "/opt/airflow/dags/sales_pipeline.py", line 14, in <module>
    from sales_pipeline.tasks import (
ModuleNotFoundError: No module named 'sales_pipeline.tasks'; 'sales_pipeline' is not a package
[2026-04-23T16:22:03.149+0000] {processor.py:842} WARNING - No viable dags retrieved from /opt/airflow/dags/sales_pipeline.py
[2026-04-23T16:22:03.207+0000] {processor.py:183} INFO - Processing /opt/airflow/dags/sales_pipeline.py took 0.074 seconds
[2026-04-23T16:22:28.444+0000] {processor.py:161} INFO - Started process (PID=209) to work on /opt/airflow/dags/sales_pipeline.py
[2026-04-23T16:22:28.445+0000] {processor.py:830} INFO - Processing file /opt/airflow/dags/sales_pipeline.py for tasks to queue
[2026-04-23T16:22:28.446+0000] {logging_mixin.py:188} INFO - [2026-04-23T16:22:28.446+0000] {dagbag.py:540} INFO - Filling up the DagBag from /opt/airflow/dags/sales_pipeline.py
[2026-04-23T16:22:28.685+0000] {processor.py:840} INFO - DAG(s) 'sales_pipeline' retrieved from /opt/airflow/dags/sales_pipeline.py
[2026-04-23T16:22:28.695+0000] {logging_mixin.py:188} INFO - [2026-04-23T16:22:28.695+0000] {dag.py:3096} INFO - Sync 1 DAGs
[2026-04-23T16:22:28.703+0000] {logging_mixin.py:188} INFO - [2026-04-23T16:22:28.703+0000] {dag.py:3954} INFO - Setting next_dagrun for sales_pipeline to 2026-04-23 08:00:00+00:00, run_after=2026-04-24 08:00:00+00:00
[2026-04-23T16:22:28.709+0000] {processor.py:183} INFO - Processing /opt/airflow/dags/sales_pipeline.py took 0.268 seconds
[2026-04-23T16:22:58.955+0000] {processor.py:161} INFO - Started process (PID=262) to work on /opt/airflow/dags/sales_pipeline.py
[2026-04-23T16:22:58.956+0000] {processor.py:830} INFO - Processing file /opt/airflow/dags/sales_pipeline.py for tasks to queue
[2026-04-23T16:22:58.958+0000] {logging_mixin.py:188} INFO - [2026-04-23T16:22:58.958+0000] {dagbag.py:540} INFO - Filling up the DagBag from /opt/airflow/dags/sales_pipeline.py
[2026-04-23T16:22:59.156+0000] {processor.py:840} INFO - DAG(s) 'sales_pipeline' retrieved from /opt/airflow/dags/sales_pipeline.py
[2026-04-23T16:22:59.189+0000] {logging_mixin.py:188} INFO - [2026-04-23T16:22:59.189+0000] {dag.py:3096} INFO - Sync 1 DAGs
[2026-04-23T16:22:59.195+0000] {logging_mixin.py:188} INFO - [2026-04-23T16:22:59.195+0000] {dag.py:3954} INFO - Setting next_dagrun for sales_pipeline to 2026-04-23 08:00:00+00:00, run_after=2026-04-24 08:00:00+00:00
[2026-04-23T16:22:59.200+0000] {processor.py:183} INFO - Processing /opt/airflow/dags/sales_pipeline.py took 0.252 seconds
[2026-04-23T16:23:29.455+0000] {processor.py:161} INFO - Started process (PID=293) to work on /opt/airflow/dags/sales_pipeline.py
[2026-04-23T16:23:29.456+0000] {processor.py:830} INFO - Processing file /opt/airflow/dags/sales_pipeline.py for tasks to queue
[2026-04-23T16:23:29.458+0000] {logging_mixin.py:188} INFO - [2026-04-23T16:23:29.457+0000] {dagbag.py:540} INFO - Filling up the DagBag from /opt/airflow/dags/sales_pipeline.py
[2026-04-23T16:23:29.659+0000] {processor.py:840} INFO - DAG(s) 'sales_pipeline' retrieved from /opt/airflow/dags/sales_pipeline.py
[2026-04-23T16:23:29.668+0000] {logging_mixin.py:188} INFO - [2026-04-23T16:23:29.668+0000] {dag.py:3096} INFO - Sync 1 DAGs
[2026-04-23T16:23:29.675+0000] {logging_mixin.py:188} INFO - [2026-04-23T16:23:29.675+0000] {dag.py:3954} INFO - Setting next_dagrun for sales_pipeline to 2026-04-23 08:00:00+00:00, run_after=2026-04-24 08:00:00+00:00
[2026-04-23T16:23:29.680+0000] {processor.py:183} INFO - Processing /opt/airflow/dags/sales_pipeline.py took 0.231 seconds
[2026-04-23T16:23:59.867+0000] {processor.py:161} INFO - Started process (PID=335) to work on /opt/airflow/dags/sales_pipeline.py
[2026-04-23T16:23:59.868+0000] {processor.py:830} INFO - Processing file /opt/airflow/dags/sales_pipeline.py for tasks to queue
[2026-04-23T16:23:59.869+0000] {logging_mixin.py:188} INFO - [2026-04-23T16:23:59.869+0000] {dagbag.py:540} INFO - Filling up the DagBag from /opt/airflow/dags/sales_pipeline.py
[2026-04-23T16:24:00.088+0000] {processor.py:840} INFO - DAG(s) 'sales_pipeline' retrieved from /opt/airflow/dags/sales_pipeline.py
[2026-04-23T16:24:00.100+0000] {logging_mixin.py:188} INFO - [2026-04-23T16:24:00.100+0000] {dag.py:3096} INFO - Sync 1 DAGs
[2026-04-23T16:24:00.107+0000] {logging_mixin.py:188} INFO - [2026-04-23T16:24:00.107+0000] {dag.py:3954} INFO - Setting next_dagrun for sales_pipeline to 2026-04-23 08:00:00+00:00, run_after=2026-04-24 08:00:00+00:00
[2026-04-23T16:24:00.113+0000] {processor.py:183} INFO - Processing /opt/airflow/dags/sales_pipeline.py took 0.248 seconds
[2026-04-23T16:24:30.333+0000] {processor.py:161} INFO - Started process (PID=386) to work on /opt/airflow/dags/sales_pipeline.py
[2026-04-23T16:24:30.334+0000] {processor.py:830} INFO - Processing file /opt/airflow/dags/sales_pipeline.py for tasks to queue
[2026-04-23T16:24:30.335+0000] {logging_mixin.py:188} INFO - [2026-04-23T16:24:30.335+0000] {dagbag.py:540} INFO - Filling up the DagBag from /opt/airflow/dags/sales_pipeline.py
[2026-04-23T16:24:30.515+0000] {processor.py:840} INFO - DAG(s) 'sales_pipeline' retrieved from /opt/airflow/dags/sales_pipeline.py
[2026-04-23T16:24:30.524+0000] {logging_mixin.py:188} INFO - [2026-04-23T16:24:30.523+0000] {dag.py:3096} INFO - Sync 1 DAGs
[2026-04-23T16:24:30.529+0000] {logging_mixin.py:188} INFO - [2026-04-23T16:24:30.529+0000] {dag.py:3954} INFO - Setting next_dagrun for sales_pipeline to 2026-04-23 08:00:00+00:00, run_after=2026-04-24 08:00:00+00:00
[2026-04-23T16:24:30.534+0000] {processor.py:183} INFO - Processing /opt/airflow/dags/sales_pipeline.py took 0.207 seconds
[2026-04-23T16:25:00.741+0000] {processor.py:161} INFO - Started process (PID=434) to work on /opt/airflow/dags/sales_pipeline.py
[2026-04-23T16:25:00.741+0000] {processor.py:830} INFO - Processing file /opt/airflow/dags/sales_pipeline.py for tasks to queue
[2026-04-23T16:25:00.743+0000] {logging_mixin.py:188} INFO - [2026-04-23T16:25:00.743+0000] {dagbag.py:540} INFO - Filling up the DagBag from /opt/airflow/dags/sales_pipeline.py
[2026-04-23T16:25:00.937+0000] {processor.py:840} INFO - DAG(s) 'sales_pipeline' retrieved from /opt/airflow/dags/sales_pipeline.py
[2026-04-23T16:25:00.946+0000] {logging_mixin.py:188} INFO - [2026-04-23T16:25:00.946+0000] {dag.py:3096} INFO - Sync 1 DAGs
[2026-04-23T16:25:00.952+0000] {logging_mixin.py:188} INFO - [2026-04-23T16:25:00.952+0000] {dag.py:3954} INFO - Setting next_dagrun for sales_pipeline to 2026-04-23 08:00:00+00:00, run_after=2026-04-24 08:00:00+00:00
[2026-04-23T16:25:00.957+0000] {processor.py:183} INFO - Processing /opt/airflow/dags/sales_pipeline.py took 0.222 seconds
[2026-04-23T16:25:31.221+0000] {processor.py:161} INFO - Started process (PID=482) to work on /opt/airflow/dags/sales_pipeline.py
[2026-04-23T16:25:31.222+0000] {processor.py:830} INFO - Processing file /opt/airflow/dags/sales_pipeline.py for tasks to queue
[2026-04-23T16:25:31.224+0000] {logging_mixin.py:188} INFO - [2026-04-23T16:25:31.223+0000] {dagbag.py:540} INFO - Filling up the DagBag from /opt/airflow/dags/sales_pipeline.py
[2026-04-23T16:25:31.380+0000] {processor.py:840} INFO - DAG(s) 'sales_pipeline' retrieved from /opt/airflow/dags/sales_pipeline.py
[2026-04-23T16:25:31.393+0000] {logging_mixin.py:188} INFO - [2026-04-23T16:25:31.393+0000] {dag.py:3096} INFO - Sync 1 DAGs
[2026-04-23T16:25:31.403+0000] {logging_mixin.py:188} INFO - [2026-04-23T16:25:31.403+0000] {dag.py:3954} INFO - Setting next_dagrun for sales_pipeline to 2026-04-23 08:00:00+00:00, run_after=2026-04-24 08:00:00+00:00
[2026-04-23T16:25:31.410+0000] {processor.py:183} INFO - Processing /opt/airflow/dags/sales_pipeline.py took 0.196 seconds
[2026-04-23T16:26:01.469+0000] {processor.py:161} INFO - Started process (PID=529) to work on /opt/airflow/dags/sales_pipeline.py
[2026-04-23T16:26:01.470+0000] {processor.py:830} INFO - Processing file /opt/airflow/dags/sales_pipeline.py for tasks to queue
[2026-04-23T16:26:01.472+0000] {logging_mixin.py:188} INFO - [2026-04-23T16:26:01.472+0000] {dagbag.py:540} INFO - Filling up the DagBag from /opt/airflow/dags/sales_pipeline.py
[2026-04-23T16:26:01.707+0000] {processor.py:840} INFO - DAG(s) 'sales_pipeline' retrieved from /opt/airflow/dags/sales_pipeline.py
[2026-04-23T16:26:01.720+0000] {logging_mixin.py:188} INFO - [2026-04-23T16:26:01.720+0000] {dag.py:3096} INFO - Sync 1 DAGs
[2026-04-23T16:26:01.729+0000] {logging_mixin.py:188} INFO - [2026-04-23T16:26:01.729+0000] {dag.py:3954} INFO - Setting next_dagrun for sales_pipeline to 2026-04-23 08:00:00+00:00, run_after=2026-04-24 08:00:00+00:00
[2026-04-23T16:26:01.740+0000] {processor.py:183} INFO - Processing /opt/airflow/dags/sales_pipeline.py took 0.279 seconds
[2026-04-23T16:26:31.850+0000] {processor.py:161} INFO - Started process (PID=578) to work on /opt/airflow/dags/sales_pipeline.py
[2026-04-23T16:26:31.850+0000] {processor.py:830} INFO - Processing file /opt/airflow/dags/sales_pipeline.py for tasks to queue
[2026-04-23T16:26:31.852+0000] {logging_mixin.py:188} INFO - [2026-04-23T16:26:31.852+0000] {dagbag.py:540} INFO - Filling up the DagBag from /opt/airflow/dags/sales_pipeline.py
[2026-04-23T16:26:31.999+0000] {processor.py:840} INFO - DAG(s) 'sales_pipeline' retrieved from /opt/airflow/dags/sales_pipeline.py
[2026-04-23T16:26:32.011+0000] {logging_mixin.py:188} INFO - [2026-04-23T16:26:32.011+0000] {dag.py:3096} INFO - Sync 1 DAGs
[2026-04-23T16:26:32.019+0000] {logging_mixin.py:188} INFO - [2026-04-23T16:26:32.019+0000] {dag.py:3954} INFO - Setting next_dagrun for sales_pipeline to 2026-04-23 08:00:00+00:00, run_after=2026-04-24 08:00:00+00:00
[2026-04-23T16:26:32.024+0000] {processor.py:183} INFO - Processing /opt/airflow/dags/sales_pipeline.py took 0.180 seconds
[2026-04-23T16:27:02.241+0000] {processor.py:161} INFO - Started process (PID=632) to work on /opt/airflow/dags/sales_pipeline.py
[2026-04-23T16:27:02.242+0000] {processor.py:830} INFO - Processing file /opt/airflow/dags/sales_pipeline.py for tasks to queue
[2026-04-23T16:27:02.244+0000] {logging_mixin.py:188} INFO - [2026-04-23T16:27:02.244+0000] {dagbag.py:540} INFO - Filling up the DagBag from /opt/airflow/dags/sales_pipeline.py
[2026-04-23T16:27:02.450+0000] {processor.py:840} INFO - DAG(s) 'sales_pipeline' retrieved from /opt/airflow/dags/sales_pipeline.py
[2026-04-23T16:27:02.467+0000] {logging_mixin.py:188} INFO - [2026-04-23T16:27:02.466+0000] {dag.py:3096} INFO - Sync 1 DAGs
[2026-04-23T16:27:02.477+0000] {logging_mixin.py:188} INFO - [2026-04-23T16:27:02.476+0000] {dag.py:3954} INFO - Setting next_dagrun for sales_pipeline to 2026-04-23 08:00:00+00:00, run_after=2026-04-24 08:00:00+00:00
[2026-04-23T16:27:02.484+0000] {processor.py:183} INFO - Processing /opt/airflow/dags/sales_pipeline.py took 0.252 seconds
[2026-04-23T16:27:32.572+0000] {processor.py:161} INFO - Started process (PID=638) to work on /opt/airflow/dags/sales_pipeline.py
[2026-04-23T16:27:32.574+0000] {processor.py:830} INFO - Processing file /opt/airflow/dags/sales_pipeline.py for tasks to queue
[2026-04-23T16:27:32.576+0000] {logging_mixin.py:188} INFO - [2026-04-23T16:27:32.576+0000] {dagbag.py:540} INFO - Filling up the DagBag from /opt/airflow/dags/sales_pipeline.py
[2026-04-23T16:27:32.793+0000] {processor.py:840} INFO - DAG(s) 'sales_pipeline' retrieved from /opt/airflow/dags/sales_pipeline.py
[2026-04-23T16:27:32.822+0000] {logging_mixin.py:188} INFO - [2026-04-23T16:27:32.821+0000] {dag.py:3096} INFO - Sync 1 DAGs
[2026-04-23T16:27:32.836+0000] {logging_mixin.py:188} INFO - [2026-04-23T16:27:32.836+0000] {dag.py:3954} INFO - Setting next_dagrun for sales_pipeline to 2026-04-23 08:00:00+00:00, run_after=2026-04-24 08:00:00+00:00
[2026-04-23T16:27:32.845+0000] {processor.py:183} INFO - Processing /opt/airflow/dags/sales_pipeline.py took 0.285 seconds
[2026-04-23T16:28:02.986+0000] {processor.py:161} INFO - Started process (PID=644) to work on /opt/airflow/dags/sales_pipeline.py
[2026-04-23T16:28:02.987+0000] {processor.py:830} INFO - Processing file /opt/airflow/dags/sales_pipeline.py for tasks to queue
[2026-04-23T16:28:02.990+0000] {logging_mixin.py:188} INFO - [2026-04-23T16:28:02.990+0000] {dagbag.py:540} INFO - Filling up the DagBag from /opt/airflow/dags/sales_pipeline.py
[2026-04-23T16:28:03.192+0000] {processor.py:840} INFO - DAG(s) 'sales_pipeline' retrieved from /opt/airflow/dags/sales_pipeline.py
[2026-04-23T16:28:03.216+0000] {logging_mixin.py:188} INFO - [2026-04-23T16:28:03.215+0000] {dag.py:3096} INFO - Sync 1 DAGs
[2026-04-23T16:28:03.230+0000] {logging_mixin.py:188} INFO - [2026-04-23T16:28:03.230+0000] {dag.py:3954} INFO - Setting next_dagrun for sales_pipeline to 2026-04-23 08:00:00+00:00, run_after=2026-04-24 08:00:00+00:00
[2026-04-23T16:28:03.238+0000] {processor.py:183} INFO - Processing /opt/airflow/dags/sales_pipeline.py took 0.263 seconds
[2026-04-23T16:28:33.366+0000] {processor.py:161} INFO - Started process (PID=693) to work on /opt/airflow/dags/sales_pipeline.py
[2026-04-23T16:28:33.367+0000] {processor.py:830} INFO - Processing file /opt/airflow/dags/sales_pipeline.py for tasks to queue
[2026-04-23T16:28:33.369+0000] {logging_mixin.py:188} INFO - [2026-04-23T16:28:33.368+0000] {dagbag.py:540} INFO - Filling up the DagBag from /opt/airflow/dags/sales_pipeline.py
[2026-04-23T16:28:33.573+0000] {processor.py:840} INFO - DAG(s) 'sales_pipeline' retrieved from /opt/airflow/dags/sales_pipeline.py
[2026-04-23T16:28:33.587+0000] {logging_mixin.py:188} INFO - [2026-04-23T16:28:33.587+0000] {dag.py:3096} INFO - Sync 1 DAGs
[2026-04-23T16:28:33.598+0000] {logging_mixin.py:188} INFO - [2026-04-23T16:28:33.598+0000] {dag.py:3954} INFO - Setting next_dagrun for sales_pipeline to 2026-04-23 08:00:00+00:00, run_after=2026-04-24 08:00:00+00:00
[2026-04-23T16:28:33.605+0000] {processor.py:183} INFO - Processing /opt/airflow/dags/sales_pipeline.py took 0.245 seconds
[2026-04-23T16:29:03.723+0000] {processor.py:161} INFO - Started process (PID=741) to work on /opt/airflow/dags/sales_pipeline.py
[2026-04-23T16:29:03.724+0000] {processor.py:830} INFO - Processing file /opt/airflow/dags/sales_pipeline.py for tasks to queue
[2026-04-23T16:29:03.726+0000] {logging_mixin.py:188} INFO - [2026-04-23T16:29:03.725+0000] {dagbag.py:540} INFO - Filling up the DagBag from /opt/airflow/dags/sales_pipeline.py
[2026-04-23T16:29:03.885+0000] {processor.py:840} INFO - DAG(s) 'sales_pipeline' retrieved from /opt/airflow/dags/sales_pipeline.py
[2026-04-23T16:29:03.901+0000] {logging_mixin.py:188} INFO - [2026-04-23T16:29:03.901+0000] {dag.py:3096} INFO - Sync 1 DAGs
[2026-04-23T16:29:03.912+0000] {logging_mixin.py:188} INFO - [2026-04-23T16:29:03.912+0000] {dag.py:3954} INFO - Setting next_dagrun for sales_pipeline to 2026-04-23 08:00:00+00:00, run_after=2026-04-24 08:00:00+00:00
[2026-04-23T16:29:03.918+0000] {processor.py:183} INFO - Processing /opt/airflow/dags/sales_pipeline.py took 0.205 seconds
[2026-04-23T16:29:34.050+0000] {processor.py:161} INFO - Started process (PID=796) to work on /opt/airflow/dags/sales_pipeline.py
[2026-04-23T16:29:34.050+0000] {processor.py:830} INFO - Processing file /opt/airflow/dags/sales_pipeline.py for tasks to queue
[2026-04-23T16:29:34.051+0000] {logging_mixin.py:188} INFO - [2026-04-23T16:29:34.051+0000] {dagbag.py:540} INFO - Filling up the DagBag from /opt/airflow/dags/sales_pipeline.py
[2026-04-23T16:29:34.184+0000] {processor.py:840} INFO - DAG(s) 'sales_pipeline' retrieved from /opt/airflow/dags/sales_pipeline.py
[2026-04-23T16:29:34.197+0000] {logging_mixin.py:188} INFO - [2026-04-23T16:29:34.197+0000] {dag.py:3096} INFO - Sync 1 DAGs
[2026-04-23T16:29:34.205+0000] {logging_mixin.py:188} INFO - [2026-04-23T16:29:34.205+0000] {dag.py:3954} INFO - Setting next_dagrun for sales_pipeline to 2026-04-23 08:00:00+00:00, run_after=2026-04-24 08:00:00+00:00
[2026-04-23T16:29:34.212+0000] {processor.py:183} INFO - Processing /opt/airflow/dags/sales_pipeline.py took 0.165 seconds
[2026-04-23T16:30:04.345+0000] {processor.py:161} INFO - Started process (PID=844) to work on /opt/airflow/dags/sales_pipeline.py
[2026-04-23T16:30:04.346+0000] {processor.py:830} INFO - Processing file /opt/airflow/dags/sales_pipeline.py for tasks to queue
[2026-04-23T16:30:04.348+0000] {logging_mixin.py:188} INFO - [2026-04-23T16:30:04.348+0000] {dagbag.py:540} INFO - Filling up the DagBag from /opt/airflow/dags/sales_pipeline.py
[2026-04-23T16:30:04.502+0000] {processor.py:840} INFO - DAG(s) 'sales_pipeline' retrieved from /opt/airflow/dags/sales_pipeline.py
[2026-04-23T16:30:04.515+0000] {logging_mixin.py:188} INFO - [2026-04-23T16:30:04.515+0000] {dag.py:3096} INFO - Sync 1 DAGs
[2026-04-23T16:30:04.524+0000] {logging_mixin.py:188} INFO - [2026-04-23T16:30:04.524+0000] {dag.py:3954} INFO - Setting next_dagrun for sales_pipeline to 2026-04-23 08:00:00+00:00, run_after=2026-04-24 08:00:00+00:00
[2026-04-23T16:30:04.531+0000] {processor.py:183} INFO - Processing /opt/airflow/dags/sales_pipeline.py took 0.193 seconds
[2026-04-23T16:30:34.655+0000] {processor.py:161} INFO - Started process (PID=892) to work on /opt/airflow/dags/sales_pipeline.py
[2026-04-23T16:30:34.656+0000] {processor.py:830} INFO - Processing file /opt/airflow/dags/sales_pipeline.py for tasks to queue
[2026-04-23T16:30:34.659+0000] {logging_mixin.py:188} INFO - [2026-04-23T16:30:34.658+0000] {dagbag.py:540} INFO - Filling up the DagBag from /opt/airflow/dags/sales_pipeline.py
[2026-04-23T16:30:34.839+0000] {processor.py:840} INFO - DAG(s) 'sales_pipeline' retrieved from /opt/airflow/dags/sales_pipeline.py
[2026-04-23T16:30:34.857+0000] {logging_mixin.py:188} INFO - [2026-04-23T16:30:34.857+0000] {dag.py:3096} INFO - Sync 1 DAGs
[2026-04-23T16:30:34.868+0000] {logging_mixin.py:188} INFO - [2026-04-23T16:30:34.868+0000] {dag.py:3954} INFO - Setting next_dagrun for sales_pipeline to 2026-04-23 08:00:00+00:00, run_after=2026-04-24 08:00:00+00:00
[2026-04-23T16:30:34.876+0000] {processor.py:183} INFO - Processing /opt/airflow/dags/sales_pipeline.py took 0.232 seconds
[2026-04-23T16:31:04.954+0000] {processor.py:161} INFO - Started process (PID=938) to work on /opt/airflow/dags/sales_pipeline.py
[2026-04-23T16:31:04.955+0000] {processor.py:830} INFO - Processing file /opt/airflow/dags/sales_pipeline.py for tasks to queue
[2026-04-23T16:31:04.957+0000] {logging_mixin.py:188} INFO - [2026-04-23T16:31:04.957+0000] {dagbag.py:540} INFO - Filling up the DagBag from /opt/airflow/dags/sales_pipeline.py
[2026-04-23T16:31:05.106+0000] {processor.py:840} INFO - DAG(s) 'sales_pipeline' retrieved from /opt/airflow/dags/sales_pipeline.py
[2026-04-23T16:31:05.118+0000] {logging_mixin.py:188} INFO - [2026-04-23T16:31:05.118+0000] {dag.py:3096} INFO - Sync 1 DAGs
[2026-04-23T16:31:05.126+0000] {logging_mixin.py:188} INFO - [2026-04-23T16:31:05.126+0000] {dag.py:3954} INFO - Setting next_dagrun for sales_pipeline to 2026-04-23 08:00:00+00:00, run_after=2026-04-24 08:00:00+00:00
[2026-04-23T16:31:05.133+0000] {processor.py:183} INFO - Processing /opt/airflow/dags/sales_pipeline.py took 0.185 seconds
[2026-04-23T16:31:35.316+0000] {processor.py:161} INFO - Started process (PID=974) to work on /opt/airflow/dags/sales_pipeline.py
[2026-04-23T16:31:35.316+0000] {processor.py:830} INFO - Processing file /opt/airflow/dags/sales_pipeline.py for tasks to queue
[2026-04-23T16:31:35.318+0000] {logging_mixin.py:188} INFO - [2026-04-23T16:31:35.318+0000] {dagbag.py:540} INFO - Filling up the DagBag from /opt/airflow/dags/sales_pipeline.py
[2026-04-23T16:31:35.450+0000] {processor.py:840} INFO - DAG(s) 'sales_pipeline' retrieved from /opt/airflow/dags/sales_pipeline.py
[2026-04-23T16:31:35.460+0000] {logging_mixin.py:188} INFO - [2026-04-23T16:31:35.460+0000] {dag.py:3096} INFO - Sync 1 DAGs
[2026-04-23T16:31:35.468+0000] {logging_mixin.py:188} INFO - [2026-04-23T16:31:35.468+0000] {dag.py:3954} INFO - Setting next_dagrun for sales_pipeline to 2026-04-23 08:00:00+00:00, run_after=2026-04-24 08:00:00+00:00
[2026-04-23T16:31:35.474+0000] {processor.py:183} INFO - Processing /opt/airflow/dags/sales_pipeline.py took 0.164 seconds
[2026-04-23T16:32:05.580+0000] {processor.py:161} INFO - Started process (PID=980) to work on /opt/airflow/dags/sales_pipeline.py
[2026-04-23T16:32:05.581+0000] {processor.py:830} INFO - Processing file /opt/airflow/dags/sales_pipeline.py for tasks to queue
[2026-04-23T16:32:05.582+0000] {logging_mixin.py:188} INFO - [2026-04-23T16:32:05.582+0000] {dagbag.py:540} INFO - Filling up the DagBag from /opt/airflow/dags/sales_pipeline.py
[2026-04-23T16:32:05.714+0000] {processor.py:840} INFO - DAG(s) 'sales_pipeline' retrieved from /opt/airflow/dags/sales_pipeline.py
[2026-04-23T16:32:05.725+0000] {logging_mixin.py:188} INFO - [2026-04-23T16:32:05.725+0000] {dag.py:3096} INFO - Sync 1 DAGs
[2026-04-23T16:32:05.732+0000] {logging_mixin.py:188} INFO - [2026-04-23T16:32:05.732+0000] {dag.py:3954} INFO - Setting next_dagrun for sales_pipeline to 2026-04-23 08:00:00+00:00, run_after=2026-04-24 08:00:00+00:00
[2026-04-23T16:32:05.737+0000] {processor.py:183} INFO - Processing /opt/airflow/dags/sales_pipeline.py took 0.162 seconds
[2026-04-23T16:32:35.940+0000] {processor.py:161} INFO - Started process (PID=986) to work on /opt/airflow/dags/sales_pipeline.py
[2026-04-23T16:32:35.940+0000] {processor.py:830} INFO - Processing file /opt/airflow/dags/sales_pipeline.py for tasks to queue
[2026-04-23T16:32:35.942+0000] {logging_mixin.py:188} INFO - [2026-04-23T16:32:35.942+0000] {dagbag.py:540} INFO - Filling up the DagBag from /opt/airflow/dags/sales_pipeline.py
[2026-04-23T16:32:36.088+0000] {processor.py:840} INFO - DAG(s) 'sales_pipeline' retrieved from /opt/airflow/dags/sales_pipeline.py
[2026-04-23T16:32:36.100+0000] {logging_mixin.py:188} INFO - [2026-04-23T16:32:36.100+0000] {dag.py:3096} INFO - Sync 1 DAGs
[2026-04-23T16:32:36.108+0000] {logging_mixin.py:188} INFO - [2026-04-23T16:32:36.108+0000] {dag.py:3954} INFO - Setting next_dagrun for sales_pipeline to 2026-04-23 08:00:00+00:00, run_after=2026-04-24 08:00:00+00:00
[2026-04-23T16:32:36.114+0000] {processor.py:183} INFO - Processing /opt/airflow/dags/sales_pipeline.py took 0.183 seconds
[2026-04-23T16:33:06.177+0000] {processor.py:161} INFO - Started process (PID=992) to work on /opt/airflow/dags/sales_pipeline.py
[2026-04-23T16:33:06.178+0000] {processor.py:830} INFO - Processing file /opt/airflow/dags/sales_pipeline.py for tasks to queue
[2026-04-23T16:33:06.179+0000] {logging_mixin.py:188} INFO - [2026-04-23T16:33:06.179+0000] {dagbag.py:540} INFO - Filling up the DagBag from /opt/airflow/dags/sales_pipeline.py
[2026-04-23T16:33:06.313+0000] {processor.py:840} INFO - DAG(s) 'sales_pipeline' retrieved from /opt/airflow/dags/sales_pipeline.py
[2026-04-23T16:33:06.326+0000] {logging_mixin.py:188} INFO - [2026-04-23T16:33:06.326+0000] {dag.py:3096} INFO - Sync 1 DAGs
[2026-04-23T16:33:06.334+0000] {logging_mixin.py:188} INFO - [2026-04-23T16:33:06.334+0000] {dag.py:3954} INFO - Setting next_dagrun for sales_pipeline to 2026-04-23 08:00:00+00:00, run_after=2026-04-24 08:00:00+00:00
[2026-04-23T16:33:06.339+0000] {processor.py:183} INFO - Processing /opt/airflow/dags/sales_pipeline.py took 0.168 seconds
[2026-04-23T16:33:36.701+0000] {processor.py:161} INFO - Started process (PID=998) to work on /opt/airflow/dags/sales_pipeline.py
[2026-04-23T16:33:36.703+0000] {processor.py:830} INFO - Processing file /opt/airflow/dags/sales_pipeline.py for tasks to queue
[2026-04-23T16:33:36.708+0000] {logging_mixin.py:188} INFO - [2026-04-23T16:33:36.707+0000] {dagbag.py:540} INFO - Filling up the DagBag from /opt/airflow/dags/sales_pipeline.py
[2026-04-23T16:33:36.936+0000] {processor.py:840} INFO - DAG(s) 'sales_pipeline' retrieved from /opt/airflow/dags/sales_pipeline.py
[2026-04-23T16:33:36.958+0000] {logging_mixin.py:188} INFO - [2026-04-23T16:33:36.957+0000] {dag.py:3096} INFO - Sync 1 DAGs
[2026-04-23T16:33:36.968+0000] {logging_mixin.py:188} INFO - [2026-04-23T16:33:36.968+0000] {dag.py:3954} INFO - Setting next_dagrun for sales_pipeline to 2026-04-23 08:00:00+00:00, run_after=2026-04-24 08:00:00+00:00
[2026-04-23T16:33:36.975+0000] {processor.py:183} INFO - Processing /opt/airflow/dags/sales_pipeline.py took 0.288 seconds
[2026-04-23T16:34:07.258+0000] {processor.py:161} INFO - Started process (PID=1004) to work on /opt/airflow/dags/sales_pipeline.py
[2026-04-23T16:34:07.260+0000] {processor.py:830} INFO - Processing file /opt/airflow/dags/sales_pipeline.py for tasks to queue
[2026-04-23T16:34:07.262+0000] {logging_mixin.py:188} INFO - [2026-04-23T16:34:07.262+0000] {dagbag.py:540} INFO - Filling up the DagBag from /opt/airflow/dags/sales_pipeline.py
[2026-04-23T16:34:07.419+0000] {processor.py:840} INFO - DAG(s) 'sales_pipeline' retrieved from /opt/airflow/dags/sales_pipeline.py
[2026-04-23T16:34:07.433+0000] {logging_mixin.py:188} INFO - [2026-04-23T16:34:07.433+0000] {dag.py:3096} INFO - Sync 1 DAGs
[2026-04-23T16:34:07.443+0000] {logging_mixin.py:188} INFO - [2026-04-23T16:34:07.442+0000] {dag.py:3954} INFO - Setting next_dagrun for sales_pipeline to 2026-04-23 08:00:00+00:00, run_after=2026-04-24 08:00:00+00:00
[2026-04-23T16:34:07.449+0000] {processor.py:183} INFO - Processing /opt/airflow/dags/sales_pipeline.py took 0.203 seconds
[2026-04-23T16:34:37.534+0000] {processor.py:161} INFO - Started process (PID=1010) to work on /opt/airflow/dags/sales_pipeline.py
[2026-04-23T16:34:37.534+0000] {processor.py:830} INFO - Processing file /opt/airflow/dags/sales_pipeline.py for tasks to queue
[2026-04-23T16:34:37.537+0000] {logging_mixin.py:188} INFO - [2026-04-23T16:34:37.536+0000] {dagbag.py:540} INFO - Filling up the DagBag from /opt/airflow/dags/sales_pipeline.py
[2026-04-23T16:34:37.689+0000] {processor.py:840} INFO - DAG(s) 'sales_pipeline' retrieved from /opt/airflow/dags/sales_pipeline.py
[2026-04-23T16:34:37.703+0000] {logging_mixin.py:188} INFO - [2026-04-23T16:34:37.702+0000] {dag.py:3096} INFO - Sync 1 DAGs
[2026-04-23T16:34:37.712+0000] {logging_mixin.py:188} INFO - [2026-04-23T16:34:37.712+0000] {dag.py:3954} INFO - Setting next_dagrun for sales_pipeline to 2026-04-23 08:00:00+00:00, run_after=2026-04-24 08:00:00+00:00
[2026-04-23T16:34:37.720+0000] {processor.py:183} INFO - Processing /opt/airflow/dags/sales_pipeline.py took 0.196 seconds
[2026-04-23T16:35:08.008+0000] {processor.py:161} INFO - Started process (PID=1016) to work on /opt/airflow/dags/sales_pipeline.py
[2026-04-23T16:35:08.009+0000] {processor.py:830} INFO - Processing file /opt/airflow/dags/sales_pipeline.py for tasks to queue
[2026-04-23T16:35:08.011+0000] {logging_mixin.py:188} INFO - [2026-04-23T16:35:08.010+0000] {dagbag.py:540} INFO - Filling up the DagBag from /opt/airflow/dags/sales_pipeline.py
[2026-04-23T16:35:08.134+0000] {processor.py:840} INFO - DAG(s) 'sales_pipeline' retrieved from /opt/airflow/dags/sales_pipeline.py
[2026-04-23T16:35:08.144+0000] {logging_mixin.py:188} INFO - [2026-04-23T16:35:08.144+0000] {dag.py:3096} INFO - Sync 1 DAGs
[2026-04-23T16:35:08.151+0000] {logging_mixin.py:188} INFO - [2026-04-23T16:35:08.151+0000] {dag.py:3954} INFO - Setting next_dagrun for sales_pipeline to 2026-04-23 08:00:00+00:00, run_after=2026-04-24 08:00:00+00:00
[2026-04-23T16:35:08.157+0000] {processor.py:183} INFO - Processing /opt/airflow/dags/sales_pipeline.py took 0.155 seconds
[2026-04-23T16:35:38.298+0000] {processor.py:161} INFO - Started process (PID=1022) to work on /opt/airflow/dags/sales_pipeline.py
[2026-04-23T16:35:38.298+0000] {processor.py:830} INFO - Processing file /opt/airflow/dags/sales_pipeline.py for tasks to queue
[2026-04-23T16:35:38.301+0000] {logging_mixin.py:188} INFO - [2026-04-23T16:35:38.300+0000] {dagbag.py:540} INFO - Filling up the DagBag from /opt/airflow/dags/sales_pipeline.py
[2026-04-23T16:35:38.466+0000] {processor.py:840} INFO - DAG(s) 'sales_pipeline' retrieved from /opt/airflow/dags/sales_pipeline.py
[2026-04-23T16:35:38.479+0000] {logging_mixin.py:188} INFO - [2026-04-23T16:35:38.479+0000] {dag.py:3096} INFO - Sync 1 DAGs
[2026-04-23T16:35:38.489+0000] {logging_mixin.py:188} INFO - [2026-04-23T16:35:38.488+0000] {dag.py:3954} INFO - Setting next_dagrun for sales_pipeline to 2026-04-23 08:00:00+00:00, run_after=2026-04-24 08:00:00+00:00
[2026-04-23T16:35:38.495+0000] {processor.py:183} INFO - Processing /opt/airflow/dags/sales_pipeline.py took 0.204 seconds
[2026-04-23T16:36:08.622+0000] {processor.py:161} INFO - Started process (PID=1028) to work on /opt/airflow/dags/sales_pipeline.py
[2026-04-23T16:36:08.623+0000] {processor.py:830} INFO - Processing file /opt/airflow/dags/sales_pipeline.py for tasks to queue
[2026-04-23T16:36:08.624+0000] {logging_mixin.py:188} INFO - [2026-04-23T16:36:08.624+0000] {dagbag.py:540} INFO - Filling up the DagBag from /opt/airflow/dags/sales_pipeline.py
[2026-04-23T16:36:08.752+0000] {processor.py:840} INFO - DAG(s) 'sales_pipeline' retrieved from /opt/airflow/dags/sales_pipeline.py
[2026-04-23T16:36:08.763+0000] {logging_mixin.py:188} INFO - [2026-04-23T16:36:08.763+0000] {dag.py:3096} INFO - Sync 1 DAGs
[2026-04-23T16:36:08.770+0000] {logging_mixin.py:188} INFO - [2026-04-23T16:36:08.770+0000] {dag.py:3954} INFO - Setting next_dagrun for sales_pipeline to 2026-04-23 08:00:00+00:00, run_after=2026-04-24 08:00:00+00:00
[2026-04-23T16:36:08.775+0000] {processor.py:183} INFO - Processing /opt/airflow/dags/sales_pipeline.py took 0.159 seconds
[2026-04-23T16:36:39.047+0000] {processor.py:161} INFO - Started process (PID=1034) to work on /opt/airflow/dags/sales_pipeline.py
[2026-04-23T16:36:39.048+0000] {processor.py:830} INFO - Processing file /opt/airflow/dags/sales_pipeline.py for tasks to queue
[2026-04-23T16:36:39.049+0000] {logging_mixin.py:188} INFO - [2026-04-23T16:36:39.049+0000] {dagbag.py:540} INFO - Filling up the DagBag from /opt/airflow/dags/sales_pipeline.py
[2026-04-23T16:36:39.184+0000] {processor.py:840} INFO - DAG(s) 'sales_pipeline' retrieved from /opt/airflow/dags/sales_pipeline.py
[2026-04-23T16:36:39.196+0000] {logging_mixin.py:188} INFO - [2026-04-23T16:36:39.195+0000] {dag.py:3096} INFO - Sync 1 DAGs
[2026-04-23T16:36:39.203+0000] {logging_mixin.py:188} INFO - [2026-04-23T16:36:39.203+0000] {dag.py:3954} INFO - Setting next_dagrun for sales_pipeline to 2026-04-23 08:00:00+00:00, run_after=2026-04-24 08:00:00+00:00
[2026-04-23T16:36:39.209+0000] {processor.py:183} INFO - Processing /opt/airflow/dags/sales_pipeline.py took 0.168 seconds
[2026-04-23T16:36:59.242+0000] {processor.py:161} INFO - Started process (PID=1040) to work on /opt/airflow/dags/sales_pipeline.py
[2026-04-23T16:36:59.243+0000] {processor.py:830} INFO - Processing file /opt/airflow/dags/sales_pipeline.py for tasks to queue
[2026-04-23T16:36:59.244+0000] {logging_mixin.py:188} INFO - [2026-04-23T16:36:59.244+0000] {dagbag.py:540} INFO - Filling up the DagBag from /opt/airflow/dags/sales_pipeline.py
[2026-04-23T16:36:59.455+0000] {processor.py:840} INFO - DAG(s) 'sales_pipeline' retrieved from /opt/airflow/dags/sales_pipeline.py
[2026-04-23T16:36:59.474+0000] {logging_mixin.py:188} INFO - [2026-04-23T16:36:59.474+0000] {dag.py:3096} INFO - Sync 1 DAGs
[2026-04-23T16:36:59.488+0000] {logging_mixin.py:188} INFO - [2026-04-23T16:36:59.488+0000] {dag.py:3954} INFO - Setting next_dagrun for sales_pipeline to 2026-04-23 08:00:00+00:00, run_after=2026-04-24 08:00:00+00:00
[2026-04-23T16:36:59.496+0000] {processor.py:183} INFO - Processing /opt/airflow/dags/sales_pipeline.py took 0.265 seconds
[2026-04-23T16:37:29.731+0000] {processor.py:161} INFO - Started process (PID=1046) to work on /opt/airflow/dags/sales_pipeline.py
[2026-04-23T16:37:29.732+0000] {processor.py:830} INFO - Processing file /opt/airflow/dags/sales_pipeline.py for tasks to queue
[2026-04-23T16:37:29.734+0000] {logging_mixin.py:188} INFO - [2026-04-23T16:37:29.734+0000] {dagbag.py:540} INFO - Filling up the DagBag from /opt/airflow/dags/sales_pipeline.py
[2026-04-23T16:37:29.906+0000] {processor.py:840} INFO - DAG(s) 'sales_pipeline' retrieved from /opt/airflow/dags/sales_pipeline.py
[2026-04-23T16:37:29.918+0000] {logging_mixin.py:188} INFO - [2026-04-23T16:37:29.918+0000] {dag.py:3096} INFO - Sync 1 DAGs
[2026-04-23T16:37:29.929+0000] {logging_mixin.py:188} INFO - [2026-04-23T16:37:29.929+0000] {dag.py:3954} INFO - Setting next_dagrun for sales_pipeline to 2026-04-23 08:00:00+00:00, run_after=2026-04-24 08:00:00+00:00
[2026-04-23T16:37:29.935+0000] {processor.py:183} INFO - Processing /opt/airflow/dags/sales_pipeline.py took 0.211 seconds
[2026-04-23T16:37:59.992+0000] {processor.py:161} INFO - Started process (PID=1052) to work on /opt/airflow/dags/sales_pipeline.py
[2026-04-23T16:37:59.993+0000] {processor.py:830} INFO - Processing file /opt/airflow/dags/sales_pipeline.py for tasks to queue
[2026-04-23T16:37:59.994+0000] {logging_mixin.py:188} INFO - [2026-04-23T16:37:59.994+0000] {dagbag.py:540} INFO - Filling up the DagBag from /opt/airflow/dags/sales_pipeline.py
[2026-04-23T16:38:00.148+0000] {processor.py:840} INFO - DAG(s) 'sales_pipeline' retrieved from /opt/airflow/dags/sales_pipeline.py
[2026-04-23T16:38:00.190+0000] {logging_mixin.py:188} INFO - [2026-04-23T16:38:00.190+0000] {dag.py:3096} INFO - Sync 1 DAGs
[2026-04-23T16:38:00.198+0000] {logging_mixin.py:188} INFO - [2026-04-23T16:38:00.198+0000] {dag.py:3954} INFO - Setting next_dagrun for sales_pipeline to 2026-04-23 08:00:00+00:00, run_after=2026-04-24 08:00:00+00:00
[2026-04-23T16:38:00.204+0000] {processor.py:183} INFO - Processing /opt/airflow/dags/sales_pipeline.py took 0.221 seconds
[2026-04-23T16:38:30.454+0000] {processor.py:161} INFO - Started process (PID=1072) to work on /opt/airflow/dags/sales_pipeline.py
[2026-04-23T16:38:30.457+0000] {processor.py:830} INFO - Processing file /opt/airflow/dags/sales_pipeline.py for tasks to queue
[2026-04-23T16:38:30.459+0000] {logging_mixin.py:188} INFO - [2026-04-23T16:38:30.458+0000] {dagbag.py:540} INFO - Filling up the DagBag from /opt/airflow/dags/sales_pipeline.py
[2026-04-23T16:38:30.639+0000] {processor.py:840} INFO - DAG(s) 'sales_pipeline' retrieved from /opt/airflow/dags/sales_pipeline.py
[2026-04-23T16:38:30.653+0000] {logging_mixin.py:188} INFO - [2026-04-23T16:38:30.653+0000] {dag.py:3096} INFO - Sync 1 DAGs
[2026-04-23T16:38:30.663+0000] {logging_mixin.py:188} INFO - [2026-04-23T16:38:30.663+0000] {dag.py:3954} INFO - Setting next_dagrun for sales_pipeline to 2026-04-23 08:00:00+00:00, run_after=2026-04-24 08:00:00+00:00
[2026-04-23T16:38:30.671+0000] {processor.py:183} INFO - Processing /opt/airflow/dags/sales_pipeline.py took 0.224 seconds
[2026-04-23T16:38:53.084+0000] {processor.py:161} INFO - Started process (PID=209) to work on /opt/airflow/dags/sales_pipeline.py
[2026-04-23T16:38:53.086+0000] {processor.py:830} INFO - Processing file /opt/airflow/dags/sales_pipeline.py for tasks to queue
[2026-04-23T16:38:53.091+0000] {logging_mixin.py:188} INFO - [2026-04-23T16:38:53.090+0000] {dagbag.py:540} INFO - Filling up the DagBag from /opt/airflow/dags/sales_pipeline.py
[2026-04-23T16:38:53.309+0000] {processor.py:840} INFO - DAG(s) 'sales_pipeline' retrieved from /opt/airflow/dags/sales_pipeline.py
[2026-04-23T16:38:53.319+0000] {logging_mixin.py:188} INFO - [2026-04-23T16:38:53.319+0000] {dag.py:3096} INFO - Sync 1 DAGs
[2026-04-23T16:38:53.326+0000] {logging_mixin.py:188} INFO - [2026-04-23T16:38:53.326+0000] {dag.py:3954} INFO - Setting next_dagrun for sales_pipeline to 2026-04-23 08:00:00+00:00, run_after=2026-04-24 08:00:00+00:00
[2026-04-23T16:38:53.332+0000] {processor.py:183} INFO - Processing /opt/airflow/dags/sales_pipeline.py took 0.250 seconds
[2026-04-23T16:39:23.565+0000] {processor.py:161} INFO - Started process (PID=262) to work on /opt/airflow/dags/sales_pipeline.py
[2026-04-23T16:39:23.567+0000] {processor.py:830} INFO - Processing file /opt/airflow/dags/sales_pipeline.py for tasks to queue
[2026-04-23T16:39:23.569+0000] {logging_mixin.py:188} INFO - [2026-04-23T16:39:23.568+0000] {dagbag.py:540} INFO - Filling up the DagBag from /opt/airflow/dags/sales_pipeline.py
[2026-04-23T16:39:23.753+0000] {processor.py:840} INFO - DAG(s) 'sales_pipeline' retrieved from /opt/airflow/dags/sales_pipeline.py
[2026-04-23T16:39:23.786+0000] {logging_mixin.py:188} INFO - [2026-04-23T16:39:23.786+0000] {dag.py:3096} INFO - Sync 1 DAGs
[2026-04-23T16:39:23.792+0000] {logging_mixin.py:188} INFO - [2026-04-23T16:39:23.792+0000] {dag.py:3954} INFO - Setting next_dagrun for sales_pipeline to 2026-04-23 08:00:00+00:00, run_after=2026-04-24 08:00:00+00:00
[2026-04-23T16:39:23.798+0000] {processor.py:183} INFO - Processing /opt/airflow/dags/sales_pipeline.py took 0.241 seconds
[2026-04-23T16:39:53.840+0000] {processor.py:161} INFO - Started process (PID=268) to work on /opt/airflow/dags/sales_pipeline.py
[2026-04-23T16:39:53.841+0000] {processor.py:830} INFO - Processing file /opt/airflow/dags/sales_pipeline.py for tasks to queue
[2026-04-23T16:39:53.843+0000] {logging_mixin.py:188} INFO - [2026-04-23T16:39:53.843+0000] {dagbag.py:540} INFO - Filling up the DagBag from /opt/airflow/dags/sales_pipeline.py
[2026-04-23T16:39:54.167+0000] {processor.py:840} INFO - DAG(s) 'sales_pipeline' retrieved from /opt/airflow/dags/sales_pipeline.py
[2026-04-23T16:39:54.181+0000] {logging_mixin.py:188} INFO - [2026-04-23T16:39:54.180+0000] {dag.py:3096} INFO - Sync 1 DAGs
[2026-04-23T16:39:54.188+0000] {logging_mixin.py:188} INFO - [2026-04-23T16:39:54.188+0000] {dag.py:3954} INFO - Setting next_dagrun for sales_pipeline to 2026-04-23 08:00:00+00:00, run_after=2026-04-24 08:00:00+00:00
[2026-04-23T16:39:54.193+0000] {processor.py:183} INFO - Processing /opt/airflow/dags/sales_pipeline.py took 0.361 seconds
[2026-04-23T16:40:24.381+0000] {processor.py:161} INFO - Started process (PID=274) to work on /opt/airflow/dags/sales_pipeline.py
[2026-04-23T16:40:24.382+0000] {processor.py:830} INFO - Processing file /opt/airflow/dags/sales_pipeline.py for tasks to queue
[2026-04-23T16:40:24.385+0000] {logging_mixin.py:188} INFO - [2026-04-23T16:40:24.384+0000] {dagbag.py:540} INFO - Filling up the DagBag from /opt/airflow/dags/sales_pipeline.py
[2026-04-23T16:40:24.678+0000] {processor.py:840} INFO - DAG(s) 'sales_pipeline' retrieved from /opt/airflow/dags/sales_pipeline.py
[2026-04-23T16:40:24.689+0000] {logging_mixin.py:188} INFO - [2026-04-23T16:40:24.689+0000] {dag.py:3096} INFO - Sync 1 DAGs
[2026-04-23T16:40:24.697+0000] {logging_mixin.py:188} INFO - [2026-04-23T16:40:24.697+0000] {dag.py:3954} INFO - Setting next_dagrun for sales_pipeline to 2026-04-23 08:00:00+00:00, run_after=2026-04-24 08:00:00+00:00
[2026-04-23T16:40:24.702+0000] {processor.py:183} INFO - Processing /opt/airflow/dags/sales_pipeline.py took 0.333 seconds
[2026-04-23T16:40:54.781+0000] {processor.py:161} INFO - Started process (PID=280) to work on /opt/airflow/dags/sales_pipeline.py
[2026-04-23T16:40:54.782+0000] {processor.py:830} INFO - Processing file /opt/airflow/dags/sales_pipeline.py for tasks to queue
[2026-04-23T16:40:54.784+0000] {logging_mixin.py:188} INFO - [2026-04-23T16:40:54.784+0000] {dagbag.py:540} INFO - Filling up the DagBag from /opt/airflow/dags/sales_pipeline.py
[2026-04-23T16:40:55.112+0000] {processor.py:840} INFO - DAG(s) 'sales_pipeline' retrieved from /opt/airflow/dags/sales_pipeline.py
[2026-04-23T16:40:55.124+0000] {logging_mixin.py:188} INFO - [2026-04-23T16:40:55.123+0000] {dag.py:3096} INFO - Sync 1 DAGs
[2026-04-23T16:40:55.130+0000] {logging_mixin.py:188} INFO - [2026-04-23T16:40:55.130+0000] {dag.py:3954} INFO - Setting next_dagrun for sales_pipeline to 2026-04-23 08:00:00+00:00, run_after=2026-04-24 08:00:00+00:00
[2026-04-23T16:40:55.142+0000] {processor.py:183} INFO - Processing /opt/airflow/dags/sales_pipeline.py took 0.369 seconds
[2026-04-23T16:41:25.225+0000] {processor.py:161} INFO - Started process (PID=286) to work on /opt/airflow/dags/sales_pipeline.py
[2026-04-23T16:41:25.226+0000] {processor.py:830} INFO - Processing file /opt/airflow/dags/sales_pipeline.py for tasks to queue
[2026-04-23T16:41:25.228+0000] {logging_mixin.py:188} INFO - [2026-04-23T16:41:25.228+0000] {dagbag.py:540} INFO - Filling up the DagBag from /opt/airflow/dags/sales_pipeline.py
[2026-04-23T16:41:25.465+0000] {processor.py:840} INFO - DAG(s) 'sales_pipeline' retrieved from /opt/airflow/dags/sales_pipeline.py
[2026-04-23T16:41:25.476+0000] {logging_mixin.py:188} INFO - [2026-04-23T16:41:25.476+0000] {dag.py:3096} INFO - Sync 1 DAGs
[2026-04-23T16:41:25.483+0000] {logging_mixin.py:188} INFO - [2026-04-23T16:41:25.483+0000] {dag.py:3954} INFO - Setting next_dagrun for sales_pipeline to 2026-04-23 08:00:00+00:00, run_after=2026-04-24 08:00:00+00:00
[2026-04-23T16:41:25.488+0000] {processor.py:183} INFO - Processing /opt/airflow/dags/sales_pipeline.py took 0.269 seconds
[2026-04-23T16:41:55.712+0000] {processor.py:161} INFO - Started process (PID=292) to work on /opt/airflow/dags/sales_pipeline.py
[2026-04-23T16:41:55.713+0000] {processor.py:830} INFO - Processing file /opt/airflow/dags/sales_pipeline.py for tasks to queue
[2026-04-23T16:41:55.715+0000] {logging_mixin.py:188} INFO - [2026-04-23T16:41:55.715+0000] {dagbag.py:540} INFO - Filling up the DagBag from /opt/airflow/dags/sales_pipeline.py
[2026-04-23T16:41:55.842+0000] {processor.py:840} INFO - DAG(s) 'sales_pipeline' retrieved from /opt/airflow/dags/sales_pipeline.py
[2026-04-23T16:41:55.856+0000] {logging_mixin.py:188} INFO - [2026-04-23T16:41:55.855+0000] {dag.py:3096} INFO - Sync 1 DAGs
[2026-04-23T16:41:55.865+0000] {logging_mixin.py:188} INFO - [2026-04-23T16:41:55.865+0000] {dag.py:3954} INFO - Setting next_dagrun for sales_pipeline to 2026-04-23 08:00:00+00:00, run_after=2026-04-24 08:00:00+00:00
[2026-04-23T16:41:55.871+0000] {processor.py:183} INFO - Processing /opt/airflow/dags/sales_pipeline.py took 0.171 seconds
[2026-04-23T16:42:25.985+0000] {processor.py:161} INFO - Started process (PID=298) to work on /opt/airflow/dags/sales_pipeline.py
[2026-04-23T16:42:25.986+0000] {processor.py:830} INFO - Processing file /opt/airflow/dags/sales_pipeline.py for tasks to queue
[2026-04-23T16:42:25.989+0000] {logging_mixin.py:188} INFO - [2026-04-23T16:42:25.988+0000] {dagbag.py:540} INFO - Filling up the DagBag from /opt/airflow/dags/sales_pipeline.py
[2026-04-23T16:42:26.144+0000] {processor.py:840} INFO - DAG(s) 'sales_pipeline' retrieved from /opt/airflow/dags/sales_pipeline.py
[2026-04-23T16:42:26.157+0000] {logging_mixin.py:188} INFO - [2026-04-23T16:42:26.157+0000] {dag.py:3096} INFO - Sync 1 DAGs
[2026-04-23T16:42:26.166+0000] {logging_mixin.py:188} INFO - [2026-04-23T16:42:26.166+0000] {dag.py:3954} INFO - Setting next_dagrun for sales_pipeline to 2026-04-23 08:00:00+00:00, run_after=2026-04-24 08:00:00+00:00
[2026-04-23T16:42:26.173+0000] {processor.py:183} INFO - Processing /opt/airflow/dags/sales_pipeline.py took 0.197 seconds
[2026-04-23T16:42:56.354+0000] {processor.py:161} INFO - Started process (PID=304) to work on /opt/airflow/dags/sales_pipeline.py
[2026-04-23T16:42:56.355+0000] {processor.py:830} INFO - Processing file /opt/airflow/dags/sales_pipeline.py for tasks to queue
[2026-04-23T16:42:56.358+0000] {logging_mixin.py:188} INFO - [2026-04-23T16:42:56.358+0000] {dagbag.py:540} INFO - Filling up the DagBag from /opt/airflow/dags/sales_pipeline.py
[2026-04-23T16:42:56.510+0000] {processor.py:840} INFO - DAG(s) 'sales_pipeline' retrieved from /opt/airflow/dags/sales_pipeline.py
[2026-04-23T16:42:56.524+0000] {logging_mixin.py:188} INFO - [2026-04-23T16:42:56.523+0000] {dag.py:3096} INFO - Sync 1 DAGs
[2026-04-23T16:42:56.532+0000] {logging_mixin.py:188} INFO - [2026-04-23T16:42:56.532+0000] {dag.py:3954} INFO - Setting next_dagrun for sales_pipeline to 2026-04-23 08:00:00+00:00, run_after=2026-04-24 08:00:00+00:00
[2026-04-23T16:42:56.537+0000] {processor.py:183} INFO - Processing /opt/airflow/dags/sales_pipeline.py took 0.192 seconds
[2026-04-23T16:43:26.658+0000] {processor.py:161} INFO - Started process (PID=310) to work on /opt/airflow/dags/sales_pipeline.py
[2026-04-23T16:43:26.659+0000] {processor.py:830} INFO - Processing file /opt/airflow/dags/sales_pipeline.py for tasks to queue
[2026-04-23T16:43:26.660+0000] {logging_mixin.py:188} INFO - [2026-04-23T16:43:26.660+0000] {dagbag.py:540} INFO - Filling up the DagBag from /opt/airflow/dags/sales_pipeline.py
[2026-04-23T16:43:26.787+0000] {processor.py:840} INFO - DAG(s) 'sales_pipeline' retrieved from /opt/airflow/dags/sales_pipeline.py
[2026-04-23T16:43:26.797+0000] {logging_mixin.py:188} INFO - [2026-04-23T16:43:26.797+0000] {dag.py:3096} INFO - Sync 1 DAGs
[2026-04-23T16:43:26.805+0000] {logging_mixin.py:188} INFO - [2026-04-23T16:43:26.805+0000] {dag.py:3954} INFO - Setting next_dagrun for sales_pipeline to 2026-04-23 08:00:00+00:00, run_after=2026-04-24 08:00:00+00:00
[2026-04-23T16:43:26.811+0000] {processor.py:183} INFO - Processing /opt/airflow/dags/sales_pipeline.py took 0.158 seconds
[2026-04-23T16:43:57.108+0000] {processor.py:161} INFO - Started process (PID=316) to work on /opt/airflow/dags/sales_pipeline.py
[2026-04-23T16:43:57.108+0000] {processor.py:830} INFO - Processing file /opt/airflow/dags/sales_pipeline.py for tasks to queue
[2026-04-23T16:43:57.111+0000] {logging_mixin.py:188} INFO - [2026-04-23T16:43:57.110+0000] {dagbag.py:540} INFO - Filling up the DagBag from /opt/airflow/dags/sales_pipeline.py
[2026-04-23T16:43:57.276+0000] {processor.py:840} INFO - DAG(s) 'sales_pipeline' retrieved from /opt/airflow/dags/sales_pipeline.py
[2026-04-23T16:43:57.289+0000] {logging_mixin.py:188} INFO - [2026-04-23T16:43:57.289+0000] {dag.py:3096} INFO - Sync 1 DAGs
[2026-04-23T16:43:57.298+0000] {logging_mixin.py:188} INFO - [2026-04-23T16:43:57.298+0000] {dag.py:3954} INFO - Setting next_dagrun for sales_pipeline to 2026-04-23 08:00:00+00:00, run_after=2026-04-24 08:00:00+00:00
[2026-04-23T16:43:57.305+0000] {processor.py:183} INFO - Processing /opt/airflow/dags/sales_pipeline.py took 0.207 seconds
[2026-04-23T16:44:27.367+0000] {processor.py:161} INFO - Started process (PID=322) to work on /opt/airflow/dags/sales_pipeline.py
[2026-04-23T16:44:27.367+0000] {processor.py:830} INFO - Processing file /opt/airflow/dags/sales_pipeline.py for tasks to queue
[2026-04-23T16:44:27.370+0000] {logging_mixin.py:188} INFO - [2026-04-23T16:44:27.369+0000] {dagbag.py:540} INFO - Filling up the DagBag from /opt/airflow/dags/sales_pipeline.py
[2026-04-23T16:44:27.505+0000] {processor.py:840} INFO - DAG(s) 'sales_pipeline' retrieved from /opt/airflow/dags/sales_pipeline.py
[2026-04-23T16:44:27.517+0000] {logging_mixin.py:188} INFO - [2026-04-23T16:44:27.517+0000] {dag.py:3096} INFO - Sync 1 DAGs
[2026-04-23T16:44:27.524+0000] {logging_mixin.py:188} INFO - [2026-04-23T16:44:27.524+0000] {dag.py:3954} INFO - Setting next_dagrun for sales_pipeline to 2026-04-23 08:00:00+00:00, run_after=2026-04-24 08:00:00+00:00
[2026-04-23T16:44:27.532+0000] {processor.py:183} INFO - Processing /opt/airflow/dags/sales_pipeline.py took 0.174 seconds
[2026-04-23T16:44:57.830+0000] {processor.py:161} INFO - Started process (PID=328) to work on /opt/airflow/dags/sales_pipeline.py
[2026-04-23T16:44:57.831+0000] {processor.py:830} INFO - Processing file /opt/airflow/dags/sales_pipeline.py for tasks to queue
[2026-04-23T16:44:57.833+0000] {logging_mixin.py:188} INFO - [2026-04-23T16:44:57.832+0000] {dagbag.py:540} INFO - Filling up the DagBag from /opt/airflow/dags/sales_pipeline.py
[2026-04-23T16:44:57.977+0000] {processor.py:840} INFO - DAG(s) 'sales_pipeline' retrieved from /opt/airflow/dags/sales_pipeline.py
[2026-04-23T16:44:57.991+0000] {logging_mixin.py:188} INFO - [2026-04-23T16:44:57.990+0000] {dag.py:3096} INFO - Sync 1 DAGs
[2026-04-23T16:44:58.000+0000] {logging_mixin.py:188} INFO - [2026-04-23T16:44:58.000+0000] {dag.py:3954} INFO - Setting next_dagrun for sales_pipeline to 2026-04-23 08:00:00+00:00, run_after=2026-04-24 08:00:00+00:00
[2026-04-23T16:44:58.005+0000] {processor.py:183} INFO - Processing /opt/airflow/dags/sales_pipeline.py took 0.182 seconds
[2026-04-23T16:45:28.110+0000] {processor.py:161} INFO - Started process (PID=334) to work on /opt/airflow/dags/sales_pipeline.py
[2026-04-23T16:45:28.111+0000] {processor.py:830} INFO - Processing file /opt/airflow/dags/sales_pipeline.py for tasks to queue
[2026-04-23T16:45:28.112+0000] {logging_mixin.py:188} INFO - [2026-04-23T16:45:28.112+0000] {dagbag.py:540} INFO - Filling up the DagBag from /opt/airflow/dags/sales_pipeline.py
[2026-04-23T16:45:28.255+0000] {processor.py:840} INFO - DAG(s) 'sales_pipeline' retrieved from /opt/airflow/dags/sales_pipeline.py
[2026-04-23T16:45:28.270+0000] {logging_mixin.py:188} INFO - [2026-04-23T16:45:28.269+0000] {dag.py:3096} INFO - Sync 1 DAGs
[2026-04-23T16:45:28.279+0000] {logging_mixin.py:188} INFO - [2026-04-23T16:45:28.279+0000] {dag.py:3954} INFO - Setting next_dagrun for sales_pipeline to 2026-04-23 08:00:00+00:00, run_after=2026-04-24 08:00:00+00:00
[2026-04-23T16:45:28.286+0000] {processor.py:183} INFO - Processing /opt/airflow/dags/sales_pipeline.py took 0.180 seconds
[2026-04-23T16:45:58.484+0000] {processor.py:161} INFO - Started process (PID=340) to work on /opt/airflow/dags/sales_pipeline.py
[2026-04-23T16:45:58.486+0000] {processor.py:830} INFO - Processing file /opt/airflow/dags/sales_pipeline.py for tasks to queue
[2026-04-23T16:45:58.488+0000] {logging_mixin.py:188} INFO - [2026-04-23T16:45:58.488+0000] {dagbag.py:540} INFO - Filling up the DagBag from /opt/airflow/dags/sales_pipeline.py
[2026-04-23T16:45:58.657+0000] {processor.py:840} INFO - DAG(s) 'sales_pipeline' retrieved from /opt/airflow/dags/sales_pipeline.py
[2026-04-23T16:45:58.673+0000] {logging_mixin.py:188} INFO - [2026-04-23T16:45:58.672+0000] {dag.py:3096} INFO - Sync 1 DAGs
[2026-04-23T16:45:58.682+0000] {logging_mixin.py:188} INFO - [2026-04-23T16:45:58.682+0000] {dag.py:3954} INFO - Setting next_dagrun for sales_pipeline to 2026-04-23 08:00:00+00:00, run_after=2026-04-24 08:00:00+00:00
[2026-04-23T16:45:58.688+0000] {processor.py:183} INFO - Processing /opt/airflow/dags/sales_pipeline.py took 0.212 seconds
[2026-04-23T16:46:28.780+0000] {processor.py:161} INFO - Started process (PID=346) to work on /opt/airflow/dags/sales_pipeline.py
[2026-04-23T16:46:28.781+0000] {processor.py:830} INFO - Processing file /opt/airflow/dags/sales_pipeline.py for tasks to queue
[2026-04-23T16:46:28.783+0000] {logging_mixin.py:188} INFO - [2026-04-23T16:46:28.782+0000] {dagbag.py:540} INFO - Filling up the DagBag from /opt/airflow/dags/sales_pipeline.py
[2026-04-23T16:46:28.936+0000] {processor.py:840} INFO - DAG(s) 'sales_pipeline' retrieved from /opt/airflow/dags/sales_pipeline.py
[2026-04-23T16:46:28.948+0000] {logging_mixin.py:188} INFO - [2026-04-23T16:46:28.948+0000] {dag.py:3096} INFO - Sync 1 DAGs
[2026-04-23T16:46:28.957+0000] {logging_mixin.py:188} INFO - [2026-04-23T16:46:28.957+0000] {dag.py:3954} INFO - Setting next_dagrun for sales_pipeline to 2026-04-23 08:00:00+00:00, run_after=2026-04-24 08:00:00+00:00
[2026-04-23T16:46:28.963+0000] {processor.py:183} INFO - Processing /opt/airflow/dags/sales_pipeline.py took 0.192 seconds
[2026-04-23T16:46:59.237+0000] {processor.py:161} INFO - Started process (PID=352) to work on /opt/airflow/dags/sales_pipeline.py
[2026-04-23T16:46:59.239+0000] {processor.py:830} INFO - Processing file /opt/airflow/dags/sales_pipeline.py for tasks to queue
[2026-04-23T16:46:59.242+0000] {logging_mixin.py:188} INFO - [2026-04-23T16:46:59.242+0000] {dagbag.py:540} INFO - Filling up the DagBag from /opt/airflow/dags/sales_pipeline.py
[2026-04-23T16:46:59.443+0000] {processor.py:840} INFO - DAG(s) 'sales_pipeline' retrieved from /opt/airflow/dags/sales_pipeline.py
[2026-04-23T16:46:59.497+0000] {logging_mixin.py:188} INFO - [2026-04-23T16:46:59.497+0000] {dag.py:3096} INFO - Sync 1 DAGs
[2026-04-23T16:46:59.504+0000] {logging_mixin.py:188} INFO - [2026-04-23T16:46:59.504+0000] {dag.py:3954} INFO - Setting next_dagrun for sales_pipeline to 2026-04-23 08:00:00+00:00, run_after=2026-04-24 08:00:00+00:00
[2026-04-23T16:46:59.516+0000] {processor.py:183} INFO - Processing /opt/airflow/dags/sales_pipeline.py took 0.292 seconds
[2026-04-23T16:47:04.587+0000] {processor.py:161} INFO - Started process (PID=358) to work on /opt/airflow/dags/sales_pipeline.py
[2026-04-23T16:47:04.588+0000] {processor.py:830} INFO - Processing file /opt/airflow/dags/sales_pipeline.py for tasks to queue
[2026-04-23T16:47:04.589+0000] {logging_mixin.py:188} INFO - [2026-04-23T16:47:04.588+0000] {dagbag.py:540} INFO - Filling up the DagBag from /opt/airflow/dags/sales_pipeline.py
[2026-04-23T16:47:04.715+0000] {processor.py:840} INFO - DAG(s) 'sales_pipeline' retrieved from /opt/airflow/dags/sales_pipeline.py
[2026-04-23T16:47:04.721+0000] {logging_mixin.py:188} INFO - [2026-04-23T16:47:04.720+0000] {dag.py:3096} INFO - Sync 1 DAGs
[2026-04-23T16:47:04.728+0000] {logging_mixin.py:188} INFO - [2026-04-23T16:47:04.728+0000] {dag.py:3954} INFO - Setting next_dagrun for sales_pipeline to 2026-04-23 08:00:00+00:00, run_after=2026-04-24 08:00:00+00:00
[2026-04-23T16:47:04.735+0000] {processor.py:183} INFO - Processing /opt/airflow/dags/sales_pipeline.py took 0.154 seconds
[2026-04-23T16:47:37.577+0000] {processor.py:161} INFO - Started process (PID=208) to work on /opt/airflow/dags/sales_pipeline.py
[2026-04-23T16:47:37.578+0000] {processor.py:830} INFO - Processing file /opt/airflow/dags/sales_pipeline.py for tasks to queue
[2026-04-23T16:47:37.582+0000] {logging_mixin.py:188} INFO - [2026-04-23T16:47:37.582+0000] {dagbag.py:540} INFO - Filling up the DagBag from /opt/airflow/dags/sales_pipeline.py
[2026-04-23T16:47:37.828+0000] {processor.py:840} INFO - DAG(s) 'sales_pipeline' retrieved from /opt/airflow/dags/sales_pipeline.py
[2026-04-23T16:47:37.838+0000] {logging_mixin.py:188} INFO - [2026-04-23T16:47:37.838+0000] {dag.py:3096} INFO - Sync 1 DAGs
[2026-04-23T16:47:37.846+0000] {logging_mixin.py:188} INFO - [2026-04-23T16:47:37.846+0000] {dag.py:3954} INFO - Setting next_dagrun for sales_pipeline to 2026-04-23 08:00:00+00:00, run_after=2026-04-24 08:00:00+00:00
[2026-04-23T16:47:37.852+0000] {processor.py:183} INFO - Processing /opt/airflow/dags/sales_pipeline.py took 0.280 seconds
[2026-04-23T16:48:08.064+0000] {processor.py:161} INFO - Started process (PID=285) to work on /opt/airflow/dags/sales_pipeline.py
[2026-04-23T16:48:08.065+0000] {processor.py:830} INFO - Processing file /opt/airflow/dags/sales_pipeline.py for tasks to queue
[2026-04-23T16:48:08.067+0000] {logging_mixin.py:188} INFO - [2026-04-23T16:48:08.067+0000] {dagbag.py:540} INFO - Filling up the DagBag from /opt/airflow/dags/sales_pipeline.py
[2026-04-23T16:48:08.253+0000] {processor.py:840} INFO - DAG(s) 'sales_pipeline' retrieved from /opt/airflow/dags/sales_pipeline.py
[2026-04-23T16:48:08.288+0000] {logging_mixin.py:188} INFO - [2026-04-23T16:48:08.288+0000] {dag.py:3096} INFO - Sync 1 DAGs
[2026-04-23T16:48:08.294+0000] {logging_mixin.py:188} INFO - [2026-04-23T16:48:08.294+0000] {dag.py:3954} INFO - Setting next_dagrun for sales_pipeline to 2026-04-23 08:00:00+00:00, run_after=2026-04-24 08:00:00+00:00
[2026-04-23T16:48:08.299+0000] {processor.py:183} INFO - Processing /opt/airflow/dags/sales_pipeline.py took 0.241 seconds
[2026-04-23T16:48:38.487+0000] {processor.py:161} INFO - Started process (PID=344) to work on /opt/airflow/dags/sales_pipeline.py
[2026-04-23T16:48:38.488+0000] {processor.py:830} INFO - Processing file /opt/airflow/dags/sales_pipeline.py for tasks to queue
[2026-04-23T16:48:38.491+0000] {logging_mixin.py:188} INFO - [2026-04-23T16:48:38.490+0000] {dagbag.py:540} INFO - Filling up the DagBag from /opt/airflow/dags/sales_pipeline.py
[2026-04-23T16:48:38.742+0000] {processor.py:840} INFO - DAG(s) 'sales_pipeline' retrieved from /opt/airflow/dags/sales_pipeline.py
[2026-04-23T16:48:38.753+0000] {logging_mixin.py:188} INFO - [2026-04-23T16:48:38.753+0000] {dag.py:3096} INFO - Sync 1 DAGs
[2026-04-23T16:48:38.763+0000] {logging_mixin.py:188} INFO - [2026-04-23T16:48:38.763+0000] {dag.py:3954} INFO - Setting next_dagrun for sales_pipeline to 2026-04-23 08:00:00+00:00, run_after=2026-04-24 08:00:00+00:00
[2026-04-23T16:48:38.768+0000] {processor.py:183} INFO - Processing /opt/airflow/dags/sales_pipeline.py took 0.287 seconds
[2026-04-23T16:49:08.857+0000] {processor.py:161} INFO - Started process (PID=403) to work on /opt/airflow/dags/sales_pipeline.py
[2026-04-23T16:49:08.859+0000] {processor.py:830} INFO - Processing file /opt/airflow/dags/sales_pipeline.py for tasks to queue
[2026-04-23T16:49:08.862+0000] {logging_mixin.py:188} INFO - [2026-04-23T16:49:08.861+0000] {dagbag.py:540} INFO - Filling up the DagBag from /opt/airflow/dags/sales_pipeline.py
[2026-04-23T16:49:09.126+0000] {processor.py:840} INFO - DAG(s) 'sales_pipeline' retrieved from /opt/airflow/dags/sales_pipeline.py
[2026-04-23T16:49:09.138+0000] {logging_mixin.py:188} INFO - [2026-04-23T16:49:09.138+0000] {dag.py:3096} INFO - Sync 1 DAGs
[2026-04-23T16:49:09.145+0000] {logging_mixin.py:188} INFO - [2026-04-23T16:49:09.145+0000] {dag.py:3954} INFO - Setting next_dagrun for sales_pipeline to 2026-04-23 08:00:00+00:00, run_after=2026-04-24 08:00:00+00:00
[2026-04-23T16:49:09.153+0000] {processor.py:183} INFO - Processing /opt/airflow/dags/sales_pipeline.py took 0.304 seconds
[2026-04-23T16:49:39.396+0000] {processor.py:161} INFO - Started process (PID=469) to work on /opt/airflow/dags/sales_pipeline.py
[2026-04-23T16:49:39.397+0000] {processor.py:830} INFO - Processing file /opt/airflow/dags/sales_pipeline.py for tasks to queue
[2026-04-23T16:49:39.399+0000] {logging_mixin.py:188} INFO - [2026-04-23T16:49:39.398+0000] {dagbag.py:540} INFO - Filling up the DagBag from /opt/airflow/dags/sales_pipeline.py
[2026-04-23T16:49:39.686+0000] {processor.py:840} INFO - DAG(s) 'sales_pipeline' retrieved from /opt/airflow/dags/sales_pipeline.py
[2026-04-23T16:49:39.706+0000] {logging_mixin.py:188} INFO - [2026-04-23T16:49:39.706+0000] {dag.py:3096} INFO - Sync 1 DAGs
[2026-04-23T16:49:39.714+0000] {logging_mixin.py:188} INFO - [2026-04-23T16:49:39.714+0000] {dag.py:3954} INFO - Setting next_dagrun for sales_pipeline to 2026-04-23 08:00:00+00:00, run_after=2026-04-24 08:00:00+00:00
[2026-04-23T16:49:39.720+0000] {processor.py:183} INFO - Processing /opt/airflow/dags/sales_pipeline.py took 0.329 seconds
[2026-04-23T16:50:09.923+0000] {processor.py:161} INFO - Started process (PID=530) to work on /opt/airflow/dags/sales_pipeline.py
[2026-04-23T16:50:09.925+0000] {processor.py:830} INFO - Processing file /opt/airflow/dags/sales_pipeline.py for tasks to queue
[2026-04-23T16:50:09.926+0000] {logging_mixin.py:188} INFO - [2026-04-23T16:50:09.926+0000] {dagbag.py:540} INFO - Filling up the DagBag from /opt/airflow/dags/sales_pipeline.py
[2026-04-23T16:50:10.170+0000] {processor.py:840} INFO - DAG(s) 'sales_pipeline' retrieved from /opt/airflow/dags/sales_pipeline.py
[2026-04-23T16:50:10.180+0000] {logging_mixin.py:188} INFO - [2026-04-23T16:50:10.180+0000] {dag.py:3096} INFO - Sync 1 DAGs
[2026-04-23T16:50:10.187+0000] {logging_mixin.py:188} INFO - [2026-04-23T16:50:10.187+0000] {dag.py:3954} INFO - Setting next_dagrun for sales_pipeline to 2026-04-23 08:00:00+00:00, run_after=2026-04-24 08:00:00+00:00
[2026-04-23T16:50:10.193+0000] {processor.py:183} INFO - Processing /opt/airflow/dags/sales_pipeline.py took 0.274 seconds
[2026-04-23T16:50:40.385+0000] {processor.py:161} INFO - Started process (PID=589) to work on /opt/airflow/dags/sales_pipeline.py
[2026-04-23T16:50:40.386+0000] {processor.py:830} INFO - Processing file /opt/airflow/dags/sales_pipeline.py for tasks to queue
[2026-04-23T16:50:40.389+0000] {logging_mixin.py:188} INFO - [2026-04-23T16:50:40.388+0000] {dagbag.py:540} INFO - Filling up the DagBag from /opt/airflow/dags/sales_pipeline.py
[2026-04-23T16:50:40.548+0000] {processor.py:840} INFO - DAG(s) 'sales_pipeline' retrieved from /opt/airflow/dags/sales_pipeline.py
[2026-04-23T16:50:40.562+0000] {logging_mixin.py:188} INFO - [2026-04-23T16:50:40.562+0000] {dag.py:3096} INFO - Sync 1 DAGs
[2026-04-23T16:50:40.574+0000] {logging_mixin.py:188} INFO - [2026-04-23T16:50:40.573+0000] {dag.py:3954} INFO - Setting next_dagrun for sales_pipeline to 2026-04-23 08:00:00+00:00, run_after=2026-04-24 08:00:00+00:00
[2026-04-23T16:50:40.580+0000] {processor.py:183} INFO - Processing /opt/airflow/dags/sales_pipeline.py took 0.202 seconds
[2026-04-23T16:51:10.675+0000] {processor.py:161} INFO - Started process (PID=648) to work on /opt/airflow/dags/sales_pipeline.py
[2026-04-23T16:51:10.676+0000] {processor.py:830} INFO - Processing file /opt/airflow/dags/sales_pipeline.py for tasks to queue
[2026-04-23T16:51:10.679+0000] {logging_mixin.py:188} INFO - [2026-04-23T16:51:10.678+0000] {dagbag.py:540} INFO - Filling up the DagBag from /opt/airflow/dags/sales_pipeline.py
[2026-04-23T16:51:10.842+0000] {processor.py:840} INFO - DAG(s) 'sales_pipeline' retrieved from /opt/airflow/dags/sales_pipeline.py
[2026-04-23T16:51:10.855+0000] {logging_mixin.py:188} INFO - [2026-04-23T16:51:10.855+0000] {dag.py:3096} INFO - Sync 1 DAGs
[2026-04-23T16:51:10.864+0000] {logging_mixin.py:188} INFO - [2026-04-23T16:51:10.864+0000] {dag.py:3954} INFO - Setting next_dagrun for sales_pipeline to 2026-04-23 08:00:00+00:00, run_after=2026-04-24 08:00:00+00:00
[2026-04-23T16:51:10.870+0000] {processor.py:183} INFO - Processing /opt/airflow/dags/sales_pipeline.py took 0.204 seconds
[2026-04-23T16:51:41.025+0000] {processor.py:161} INFO - Started process (PID=707) to work on /opt/airflow/dags/sales_pipeline.py
[2026-04-23T16:51:41.026+0000] {processor.py:830} INFO - Processing file /opt/airflow/dags/sales_pipeline.py for tasks to queue
[2026-04-23T16:51:41.028+0000] {logging_mixin.py:188} INFO - [2026-04-23T16:51:41.027+0000] {dagbag.py:540} INFO - Filling up the DagBag from /opt/airflow/dags/sales_pipeline.py
[2026-04-23T16:51:41.217+0000] {processor.py:840} INFO - DAG(s) 'sales_pipeline' retrieved from /opt/airflow/dags/sales_pipeline.py
[2026-04-23T16:51:41.235+0000] {logging_mixin.py:188} INFO - [2026-04-23T16:51:41.235+0000] {dag.py:3096} INFO - Sync 1 DAGs
[2026-04-23T16:51:41.245+0000] {logging_mixin.py:188} INFO - [2026-04-23T16:51:41.245+0000] {dag.py:3954} INFO - Setting next_dagrun for sales_pipeline to 2026-04-23 08:00:00+00:00, run_after=2026-04-24 08:00:00+00:00
[2026-04-23T16:51:41.252+0000] {processor.py:183} INFO - Processing /opt/airflow/dags/sales_pipeline.py took 0.235 seconds
[2026-04-23T16:52:11.449+0000] {processor.py:161} INFO - Started process (PID=773) to work on /opt/airflow/dags/sales_pipeline.py
[2026-04-23T16:52:11.450+0000] {processor.py:830} INFO - Processing file /opt/airflow/dags/sales_pipeline.py for tasks to queue
[2026-04-23T16:52:11.452+0000] {logging_mixin.py:188} INFO - [2026-04-23T16:52:11.452+0000] {dagbag.py:540} INFO - Filling up the DagBag from /opt/airflow/dags/sales_pipeline.py
[2026-04-23T16:52:11.569+0000] {processor.py:840} INFO - DAG(s) 'sales_pipeline' retrieved from /opt/airflow/dags/sales_pipeline.py
[2026-04-23T16:52:11.580+0000] {logging_mixin.py:188} INFO - [2026-04-23T16:52:11.580+0000] {dag.py:3096} INFO - Sync 1 DAGs
[2026-04-23T16:52:11.588+0000] {logging_mixin.py:188} INFO - [2026-04-23T16:52:11.588+0000] {dag.py:3954} INFO - Setting next_dagrun for sales_pipeline to 2026-04-23 08:00:00+00:00, run_after=2026-04-24 08:00:00+00:00
[2026-04-23T16:52:11.594+0000] {processor.py:183} INFO - Processing /opt/airflow/dags/sales_pipeline.py took 0.148 seconds
[2026-04-23T16:52:41.673+0000] {processor.py:161} INFO - Started process (PID=833) to work on /opt/airflow/dags/sales_pipeline.py
[2026-04-23T16:52:41.674+0000] {processor.py:830} INFO - Processing file /opt/airflow/dags/sales_pipeline.py for tasks to queue
[2026-04-23T16:52:41.676+0000] {logging_mixin.py:188} INFO - [2026-04-23T16:52:41.676+0000] {dagbag.py:540} INFO - Filling up the DagBag from /opt/airflow/dags/sales_pipeline.py
[2026-04-23T16:52:41.818+0000] {processor.py:840} INFO - DAG(s) 'sales_pipeline' retrieved from /opt/airflow/dags/sales_pipeline.py
[2026-04-23T16:52:41.829+0000] {logging_mixin.py:188} INFO - [2026-04-23T16:52:41.829+0000] {dag.py:3096} INFO - Sync 1 DAGs
[2026-04-23T16:52:41.837+0000] {logging_mixin.py:188} INFO - [2026-04-23T16:52:41.836+0000] {dag.py:3954} INFO - Setting next_dagrun for sales_pipeline to 2026-04-23 08:00:00+00:00, run_after=2026-04-24 08:00:00+00:00
[2026-04-23T16:52:41.842+0000] {processor.py:183} INFO - Processing /opt/airflow/dags/sales_pipeline.py took 0.175 seconds
[2026-04-23T16:53:11.927+0000] {processor.py:161} INFO - Started process (PID=897) to work on /opt/airflow/dags/sales_pipeline.py
[2026-04-23T16:53:11.928+0000] {processor.py:830} INFO - Processing file /opt/airflow/dags/sales_pipeline.py for tasks to queue
[2026-04-23T16:53:11.928+0000] {logging_mixin.py:188} INFO - [2026-04-23T16:53:11.928+0000] {dagbag.py:540} INFO - Filling up the DagBag from /opt/airflow/dags/sales_pipeline.py
[2026-04-23T16:53:12.045+0000] {processor.py:840} INFO - DAG(s) 'sales_pipeline' retrieved from /opt/airflow/dags/sales_pipeline.py
[2026-04-23T16:53:12.063+0000] {logging_mixin.py:188} INFO - [2026-04-23T16:53:12.062+0000] {dag.py:3096} INFO - Sync 1 DAGs
[2026-04-23T16:53:12.073+0000] {logging_mixin.py:188} INFO - [2026-04-23T16:53:12.073+0000] {dag.py:3954} INFO - Setting next_dagrun for sales_pipeline to 2026-04-23 08:00:00+00:00, run_after=2026-04-24 08:00:00+00:00
[2026-04-23T16:53:12.082+0000] {processor.py:183} INFO - Processing /opt/airflow/dags/sales_pipeline.py took 0.157 seconds
[2026-04-23T16:53:42.243+0000] {processor.py:161} INFO - Started process (PID=957) to work on /opt/airflow/dags/sales_pipeline.py
[2026-04-23T16:53:42.243+0000] {processor.py:830} INFO - Processing file /opt/airflow/dags/sales_pipeline.py for tasks to queue
[2026-04-23T16:53:42.244+0000] {logging_mixin.py:188} INFO - [2026-04-23T16:53:42.244+0000] {dagbag.py:540} INFO - Filling up the DagBag from /opt/airflow/dags/sales_pipeline.py
[2026-04-23T16:53:42.358+0000] {processor.py:840} INFO - DAG(s) 'sales_pipeline' retrieved from /opt/airflow/dags/sales_pipeline.py
[2026-04-23T16:53:42.368+0000] {logging_mixin.py:188} INFO - [2026-04-23T16:53:42.368+0000] {dag.py:3096} INFO - Sync 1 DAGs
[2026-04-23T16:53:42.376+0000] {logging_mixin.py:188} INFO - [2026-04-23T16:53:42.376+0000] {dag.py:3954} INFO - Setting next_dagrun for sales_pipeline to 2026-04-23 08:00:00+00:00, run_after=2026-04-24 08:00:00+00:00
[2026-04-23T16:53:42.381+0000] {processor.py:183} INFO - Processing /opt/airflow/dags/sales_pipeline.py took 0.142 seconds
[2026-04-23T16:54:12.481+0000] {processor.py:161} INFO - Started process (PID=1022) to work on /opt/airflow/dags/sales_pipeline.py
[2026-04-23T16:54:12.482+0000] {processor.py:830} INFO - Processing file /opt/airflow/dags/sales_pipeline.py for tasks to queue
[2026-04-23T16:54:12.482+0000] {logging_mixin.py:188} INFO - [2026-04-23T16:54:12.482+0000] {dagbag.py:540} INFO - Filling up the DagBag from /opt/airflow/dags/sales_pipeline.py
[2026-04-23T16:54:12.596+0000] {processor.py:840} INFO - DAG(s) 'sales_pipeline' retrieved from /opt/airflow/dags/sales_pipeline.py
[2026-04-23T16:54:12.607+0000] {logging_mixin.py:188} INFO - [2026-04-23T16:54:12.606+0000] {dag.py:3096} INFO - Sync 1 DAGs
[2026-04-23T16:54:12.615+0000] {logging_mixin.py:188} INFO - [2026-04-23T16:54:12.615+0000] {dag.py:3954} INFO - Setting next_dagrun for sales_pipeline to 2026-04-23 08:00:00+00:00, run_after=2026-04-24 08:00:00+00:00
[2026-04-23T16:54:12.621+0000] {processor.py:183} INFO - Processing /opt/airflow/dags/sales_pipeline.py took 0.142 seconds
[2026-04-23T16:54:42.769+0000] {processor.py:161} INFO - Started process (PID=1082) to work on /opt/airflow/dags/sales_pipeline.py
[2026-04-23T16:54:42.770+0000] {processor.py:830} INFO - Processing file /opt/airflow/dags/sales_pipeline.py for tasks to queue
[2026-04-23T16:54:42.773+0000] {logging_mixin.py:188} INFO - [2026-04-23T16:54:42.771+0000] {dagbag.py:540} INFO - Filling up the DagBag from /opt/airflow/dags/sales_pipeline.py
[2026-04-23T16:54:42.915+0000] {processor.py:840} INFO - DAG(s) 'sales_pipeline' retrieved from /opt/airflow/dags/sales_pipeline.py
[2026-04-23T16:54:42.926+0000] {logging_mixin.py:188} INFO - [2026-04-23T16:54:42.926+0000] {dag.py:3096} INFO - Sync 1 DAGs
[2026-04-23T16:54:42.935+0000] {logging_mixin.py:188} INFO - [2026-04-23T16:54:42.935+0000] {dag.py:3954} INFO - Setting next_dagrun for sales_pipeline to 2026-04-23 08:00:00+00:00, run_after=2026-04-24 08:00:00+00:00
[2026-04-23T16:54:42.941+0000] {processor.py:183} INFO - Processing /opt/airflow/dags/sales_pipeline.py took 0.178 seconds
[2026-04-23T16:55:12.998+0000] {processor.py:161} INFO - Started process (PID=1148) to work on /opt/airflow/dags/sales_pipeline.py
[2026-04-23T16:55:12.999+0000] {processor.py:830} INFO - Processing file /opt/airflow/dags/sales_pipeline.py for tasks to queue
[2026-04-23T16:55:13.000+0000] {logging_mixin.py:188} INFO - [2026-04-23T16:55:12.999+0000] {dagbag.py:540} INFO - Filling up the DagBag from /opt/airflow/dags/sales_pipeline.py
[2026-04-23T16:55:13.110+0000] {processor.py:840} INFO - DAG(s) 'sales_pipeline' retrieved from /opt/airflow/dags/sales_pipeline.py
[2026-04-23T16:55:13.121+0000] {logging_mixin.py:188} INFO - [2026-04-23T16:55:13.121+0000] {dag.py:3096} INFO - Sync 1 DAGs
[2026-04-23T16:55:13.129+0000] {logging_mixin.py:188} INFO - [2026-04-23T16:55:13.129+0000] {dag.py:3954} INFO - Setting next_dagrun for sales_pipeline to 2026-04-23 08:00:00+00:00, run_after=2026-04-24 08:00:00+00:00
[2026-04-23T16:55:13.135+0000] {processor.py:183} INFO - Processing /opt/airflow/dags/sales_pipeline.py took 0.139 seconds
[2026-04-23T16:55:43.375+0000] {processor.py:161} INFO - Started process (PID=1208) to work on /opt/airflow/dags/sales_pipeline.py
[2026-04-23T16:55:43.376+0000] {processor.py:830} INFO - Processing file /opt/airflow/dags/sales_pipeline.py for tasks to queue
[2026-04-23T16:55:43.377+0000] {logging_mixin.py:188} INFO - [2026-04-23T16:55:43.377+0000] {dagbag.py:540} INFO - Filling up the DagBag from /opt/airflow/dags/sales_pipeline.py
[2026-04-23T16:55:43.498+0000] {processor.py:840} INFO - DAG(s) 'sales_pipeline' retrieved from /opt/airflow/dags/sales_pipeline.py
[2026-04-23T16:55:43.508+0000] {logging_mixin.py:188} INFO - [2026-04-23T16:55:43.508+0000] {dag.py:3096} INFO - Sync 1 DAGs
[2026-04-23T16:55:43.515+0000] {logging_mixin.py:188} INFO - [2026-04-23T16:55:43.515+0000] {dag.py:3954} INFO - Setting next_dagrun for sales_pipeline to 2026-04-23 08:00:00+00:00, run_after=2026-04-24 08:00:00+00:00
[2026-04-23T16:55:43.520+0000] {processor.py:183} INFO - Processing /opt/airflow/dags/sales_pipeline.py took 0.150 seconds
[2026-04-23T16:56:13.588+0000] {processor.py:161} INFO - Started process (PID=1274) to work on /opt/airflow/dags/sales_pipeline.py
[2026-04-23T16:56:13.589+0000] {processor.py:830} INFO - Processing file /opt/airflow/dags/sales_pipeline.py for tasks to queue
[2026-04-23T16:56:13.589+0000] {logging_mixin.py:188} INFO - [2026-04-23T16:56:13.589+0000] {dagbag.py:540} INFO - Filling up the DagBag from /opt/airflow/dags/sales_pipeline.py
[2026-04-23T16:56:13.704+0000] {processor.py:840} INFO - DAG(s) 'sales_pipeline' retrieved from /opt/airflow/dags/sales_pipeline.py
[2026-04-23T16:56:13.716+0000] {logging_mixin.py:188} INFO - [2026-04-23T16:56:13.715+0000] {dag.py:3096} INFO - Sync 1 DAGs
[2026-04-23T16:56:13.723+0000] {logging_mixin.py:188} INFO - [2026-04-23T16:56:13.723+0000] {dag.py:3954} INFO - Setting next_dagrun for sales_pipeline to 2026-04-23 08:00:00+00:00, run_after=2026-04-24 08:00:00+00:00
[2026-04-23T16:56:13.730+0000] {processor.py:183} INFO - Processing /opt/airflow/dags/sales_pipeline.py took 0.144 seconds
[2026-04-23T16:56:43.967+0000] {processor.py:161} INFO - Started process (PID=1334) to work on /opt/airflow/dags/sales_pipeline.py
[2026-04-23T16:56:43.967+0000] {processor.py:830} INFO - Processing file /opt/airflow/dags/sales_pipeline.py for tasks to queue
[2026-04-23T16:56:43.969+0000] {logging_mixin.py:188} INFO - [2026-04-23T16:56:43.968+0000] {dagbag.py:540} INFO - Filling up the DagBag from /opt/airflow/dags/sales_pipeline.py
[2026-04-23T16:56:44.091+0000] {processor.py:840} INFO - DAG(s) 'sales_pipeline' retrieved from /opt/airflow/dags/sales_pipeline.py
[2026-04-23T16:56:44.102+0000] {logging_mixin.py:188} INFO - [2026-04-23T16:56:44.102+0000] {dag.py:3096} INFO - Sync 1 DAGs
[2026-04-23T16:56:44.110+0000] {logging_mixin.py:188} INFO - [2026-04-23T16:56:44.110+0000] {dag.py:3954} INFO - Setting next_dagrun for sales_pipeline to 2026-04-23 08:00:00+00:00, run_after=2026-04-24 08:00:00+00:00
[2026-04-23T16:56:44.115+0000] {processor.py:183} INFO - Processing /opt/airflow/dags/sales_pipeline.py took 0.153 seconds
[2026-04-23T16:57:14.205+0000] {processor.py:161} INFO - Started process (PID=1400) to work on /opt/airflow/dags/sales_pipeline.py
[2026-04-23T16:57:14.206+0000] {processor.py:830} INFO - Processing file /opt/airflow/dags/sales_pipeline.py for tasks to queue
[2026-04-23T16:57:14.208+0000] {logging_mixin.py:188} INFO - [2026-04-23T16:57:14.208+0000] {dagbag.py:540} INFO - Filling up the DagBag from /opt/airflow/dags/sales_pipeline.py
[2026-04-23T16:57:14.356+0000] {processor.py:840} INFO - DAG(s) 'sales_pipeline' retrieved from /opt/airflow/dags/sales_pipeline.py
[2026-04-23T16:57:14.373+0000] {logging_mixin.py:188} INFO - [2026-04-23T16:57:14.372+0000] {dag.py:3096} INFO - Sync 1 DAGs
[2026-04-23T16:57:14.384+0000] {logging_mixin.py:188} INFO - [2026-04-23T16:57:14.384+0000] {dag.py:3954} INFO - Setting next_dagrun for sales_pipeline to 2026-04-23 08:00:00+00:00, run_after=2026-04-24 08:00:00+00:00
[2026-04-23T16:57:14.391+0000] {processor.py:183} INFO - Processing /opt/airflow/dags/sales_pipeline.py took 0.190 seconds
[2026-04-23T16:57:44.492+0000] {processor.py:161} INFO - Started process (PID=1461) to work on /opt/airflow/dags/sales_pipeline.py
[2026-04-23T16:57:44.492+0000] {processor.py:830} INFO - Processing file /opt/airflow/dags/sales_pipeline.py for tasks to queue
[2026-04-23T16:57:44.494+0000] {logging_mixin.py:188} INFO - [2026-04-23T16:57:44.493+0000] {dagbag.py:540} INFO - Filling up the DagBag from /opt/airflow/dags/sales_pipeline.py
[2026-04-23T16:57:44.617+0000] {processor.py:840} INFO - DAG(s) 'sales_pipeline' retrieved from /opt/airflow/dags/sales_pipeline.py
[2026-04-23T16:57:44.628+0000] {logging_mixin.py:188} INFO - [2026-04-23T16:57:44.628+0000] {dag.py:3096} INFO - Sync 1 DAGs
[2026-04-23T16:57:44.634+0000] {logging_mixin.py:188} INFO - [2026-04-23T16:57:44.634+0000] {dag.py:3954} INFO - Setting next_dagrun for sales_pipeline to 2026-04-23 08:00:00+00:00, run_after=2026-04-24 08:00:00+00:00
[2026-04-23T16:57:44.640+0000] {processor.py:183} INFO - Processing /opt/airflow/dags/sales_pipeline.py took 0.154 seconds
[2026-04-23T16:58:14.717+0000] {processor.py:161} INFO - Started process (PID=1527) to work on /opt/airflow/dags/sales_pipeline.py
[2026-04-23T16:58:14.717+0000] {processor.py:830} INFO - Processing file /opt/airflow/dags/sales_pipeline.py for tasks to queue
[2026-04-23T16:58:14.718+0000] {logging_mixin.py:188} INFO - [2026-04-23T16:58:14.717+0000] {dagbag.py:540} INFO - Filling up the DagBag from /opt/airflow/dags/sales_pipeline.py
[2026-04-23T16:58:14.833+0000] {processor.py:840} INFO - DAG(s) 'sales_pipeline' retrieved from /opt/airflow/dags/sales_pipeline.py
[2026-04-23T16:58:14.845+0000] {logging_mixin.py:188} INFO - [2026-04-23T16:58:14.844+0000] {dag.py:3096} INFO - Sync 1 DAGs
[2026-04-23T16:58:14.852+0000] {logging_mixin.py:188} INFO - [2026-04-23T16:58:14.852+0000] {dag.py:3954} INFO - Setting next_dagrun for sales_pipeline to 2026-04-23 08:00:00+00:00, run_after=2026-04-24 08:00:00+00:00
[2026-04-23T16:58:14.858+0000] {processor.py:183} INFO - Processing /opt/airflow/dags/sales_pipeline.py took 0.145 seconds
[2026-04-23T16:58:45.025+0000] {processor.py:161} INFO - Started process (PID=1586) to work on /opt/airflow/dags/sales_pipeline.py
[2026-04-23T16:58:45.026+0000] {processor.py:830} INFO - Processing file /opt/airflow/dags/sales_pipeline.py for tasks to queue
[2026-04-23T16:58:45.027+0000] {logging_mixin.py:188} INFO - [2026-04-23T16:58:45.027+0000] {dagbag.py:540} INFO - Filling up the DagBag from /opt/airflow/dags/sales_pipeline.py
[2026-04-23T16:58:45.149+0000] {processor.py:840} INFO - DAG(s) 'sales_pipeline' retrieved from /opt/airflow/dags/sales_pipeline.py
[2026-04-23T16:58:45.159+0000] {logging_mixin.py:188} INFO - [2026-04-23T16:58:45.159+0000] {dag.py:3096} INFO - Sync 1 DAGs
[2026-04-23T16:58:45.166+0000] {logging_mixin.py:188} INFO - [2026-04-23T16:58:45.166+0000] {dag.py:3954} INFO - Setting next_dagrun for sales_pipeline to 2026-04-23 08:00:00+00:00, run_after=2026-04-24 08:00:00+00:00
[2026-04-23T16:58:45.171+0000] {processor.py:183} INFO - Processing /opt/airflow/dags/sales_pipeline.py took 0.151 seconds
[2026-04-23T16:59:15.232+0000] {processor.py:161} INFO - Started process (PID=1652) to work on /opt/airflow/dags/sales_pipeline.py
[2026-04-23T16:59:15.232+0000] {processor.py:830} INFO - Processing file /opt/airflow/dags/sales_pipeline.py for tasks to queue
[2026-04-23T16:59:15.233+0000] {logging_mixin.py:188} INFO - [2026-04-23T16:59:15.232+0000] {dagbag.py:540} INFO - Filling up the DagBag from /opt/airflow/dags/sales_pipeline.py
[2026-04-23T16:59:15.348+0000] {processor.py:840} INFO - DAG(s) 'sales_pipeline' retrieved from /opt/airflow/dags/sales_pipeline.py
[2026-04-23T16:59:15.360+0000] {logging_mixin.py:188} INFO - [2026-04-23T16:59:15.360+0000] {dag.py:3096} INFO - Sync 1 DAGs
[2026-04-23T16:59:15.368+0000] {logging_mixin.py:188} INFO - [2026-04-23T16:59:15.368+0000] {dag.py:3954} INFO - Setting next_dagrun for sales_pipeline to 2026-04-23 08:00:00+00:00, run_after=2026-04-24 08:00:00+00:00
[2026-04-23T16:59:15.374+0000] {processor.py:183} INFO - Processing /opt/airflow/dags/sales_pipeline.py took 0.145 seconds
[2026-04-23T16:59:45.574+0000] {processor.py:161} INFO - Started process (PID=1712) to work on /opt/airflow/dags/sales_pipeline.py
[2026-04-23T16:59:45.574+0000] {processor.py:830} INFO - Processing file /opt/airflow/dags/sales_pipeline.py for tasks to queue
[2026-04-23T16:59:45.576+0000] {logging_mixin.py:188} INFO - [2026-04-23T16:59:45.575+0000] {dagbag.py:540} INFO - Filling up the DagBag from /opt/airflow/dags/sales_pipeline.py
[2026-04-23T16:59:45.702+0000] {processor.py:840} INFO - DAG(s) 'sales_pipeline' retrieved from /opt/airflow/dags/sales_pipeline.py
[2026-04-23T16:59:45.713+0000] {logging_mixin.py:188} INFO - [2026-04-23T16:59:45.712+0000] {dag.py:3096} INFO - Sync 1 DAGs
[2026-04-23T16:59:45.721+0000] {logging_mixin.py:188} INFO - [2026-04-23T16:59:45.721+0000] {dag.py:3954} INFO - Setting next_dagrun for sales_pipeline to 2026-04-23 08:00:00+00:00, run_after=2026-04-24 08:00:00+00:00
[2026-04-23T16:59:45.728+0000] {processor.py:183} INFO - Processing /opt/airflow/dags/sales_pipeline.py took 0.159 seconds
[2026-04-23T17:00:15.779+0000] {processor.py:161} INFO - Started process (PID=1779) to work on /opt/airflow/dags/sales_pipeline.py
[2026-04-23T17:00:15.780+0000] {processor.py:830} INFO - Processing file /opt/airflow/dags/sales_pipeline.py for tasks to queue
[2026-04-23T17:00:15.781+0000] {logging_mixin.py:188} INFO - [2026-04-23T17:00:15.781+0000] {dagbag.py:540} INFO - Filling up the DagBag from /opt/airflow/dags/sales_pipeline.py
[2026-04-23T17:00:15.929+0000] {processor.py:840} INFO - DAG(s) 'sales_pipeline' retrieved from /opt/airflow/dags/sales_pipeline.py
[2026-04-23T17:00:15.955+0000] {logging_mixin.py:188} INFO - [2026-04-23T17:00:15.954+0000] {dag.py:3096} INFO - Sync 1 DAGs
[2026-04-23T17:00:15.976+0000] {logging_mixin.py:188} INFO - [2026-04-23T17:00:15.976+0000] {dag.py:3954} INFO - Setting next_dagrun for sales_pipeline to 2026-04-23 08:00:00+00:00, run_after=2026-04-24 08:00:00+00:00
[2026-04-23T17:00:16.002+0000] {processor.py:183} INFO - Processing /opt/airflow/dags/sales_pipeline.py took 0.227 seconds
[2026-04-23T17:00:46.174+0000] {processor.py:161} INFO - Started process (PID=1840) to work on /opt/airflow/dags/sales_pipeline.py
[2026-04-23T17:00:46.176+0000] {processor.py:830} INFO - Processing file /opt/airflow/dags/sales_pipeline.py for tasks to queue
[2026-04-23T17:00:46.178+0000] {logging_mixin.py:188} INFO - [2026-04-23T17:00:46.178+0000] {dagbag.py:540} INFO - Filling up the DagBag from /opt/airflow/dags/sales_pipeline.py
[2026-04-23T17:00:46.529+0000] {processor.py:840} INFO - DAG(s) 'sales_pipeline' retrieved from /opt/airflow/dags/sales_pipeline.py
[2026-04-23T17:00:46.551+0000] {logging_mixin.py:188} INFO - [2026-04-23T17:00:46.551+0000] {dag.py:3096} INFO - Sync 1 DAGs
[2026-04-23T17:00:46.575+0000] {logging_mixin.py:188} INFO - [2026-04-23T17:00:46.574+0000] {dag.py:3954} INFO - Setting next_dagrun for sales_pipeline to 2026-04-23 08:00:00+00:00, run_after=2026-04-24 08:00:00+00:00
[2026-04-23T17:00:46.588+0000] {processor.py:183} INFO - Processing /opt/airflow/dags/sales_pipeline.py took 0.424 seconds
[2026-04-23T17:01:16.829+0000] {processor.py:161} INFO - Started process (PID=1895) to work on /opt/airflow/dags/sales_pipeline.py
[2026-04-23T17:01:16.830+0000] {processor.py:830} INFO - Processing file /opt/airflow/dags/sales_pipeline.py for tasks to queue
[2026-04-23T17:01:16.833+0000] {logging_mixin.py:188} INFO - [2026-04-23T17:01:16.832+0000] {dagbag.py:540} INFO - Filling up the DagBag from /opt/airflow/dags/sales_pipeline.py
[2026-04-23T17:01:17.046+0000] {processor.py:840} INFO - DAG(s) 'sales_pipeline' retrieved from /opt/airflow/dags/sales_pipeline.py
[2026-04-23T17:01:17.065+0000] {logging_mixin.py:188} INFO - [2026-04-23T17:01:17.064+0000] {dag.py:3096} INFO - Sync 1 DAGs
[2026-04-23T17:01:17.077+0000] {logging_mixin.py:188} INFO - [2026-04-23T17:01:17.077+0000] {dag.py:3954} INFO - Setting next_dagrun for sales_pipeline to 2026-04-23 08:00:00+00:00, run_after=2026-04-24 08:00:00+00:00
[2026-04-23T17:01:17.085+0000] {processor.py:183} INFO - Processing /opt/airflow/dags/sales_pipeline.py took 0.266 seconds
[2026-04-23T17:01:47.310+0000] {processor.py:161} INFO - Started process (PID=1956) to work on /opt/airflow/dags/sales_pipeline.py
[2026-04-23T17:01:47.313+0000] {processor.py:830} INFO - Processing file /opt/airflow/dags/sales_pipeline.py for tasks to queue
[2026-04-23T17:01:47.315+0000] {logging_mixin.py:188} INFO - [2026-04-23T17:01:47.314+0000] {dagbag.py:540} INFO - Filling up the DagBag from /opt/airflow/dags/sales_pipeline.py
[2026-04-23T17:01:47.487+0000] {processor.py:840} INFO - DAG(s) 'sales_pipeline' retrieved from /opt/airflow/dags/sales_pipeline.py
[2026-04-23T17:01:47.500+0000] {logging_mixin.py:188} INFO - [2026-04-23T17:01:47.500+0000] {dag.py:3096} INFO - Sync 1 DAGs
[2026-04-23T17:01:47.509+0000] {logging_mixin.py:188} INFO - [2026-04-23T17:01:47.509+0000] {dag.py:3954} INFO - Setting next_dagrun for sales_pipeline to 2026-04-23 08:00:00+00:00, run_after=2026-04-24 08:00:00+00:00
[2026-04-23T17:01:47.516+0000] {processor.py:183} INFO - Processing /opt/airflow/dags/sales_pipeline.py took 0.212 seconds
[2026-04-23T17:02:17.727+0000] {processor.py:161} INFO - Started process (PID=2022) to work on /opt/airflow/dags/sales_pipeline.py
[2026-04-23T17:02:17.728+0000] {processor.py:830} INFO - Processing file /opt/airflow/dags/sales_pipeline.py for tasks to queue
[2026-04-23T17:02:17.729+0000] {logging_mixin.py:188} INFO - [2026-04-23T17:02:17.729+0000] {dagbag.py:540} INFO - Filling up the DagBag from /opt/airflow/dags/sales_pipeline.py
[2026-04-23T17:02:17.875+0000] {processor.py:840} INFO - DAG(s) 'sales_pipeline' retrieved from /opt/airflow/dags/sales_pipeline.py
[2026-04-23T17:02:17.888+0000] {logging_mixin.py:188} INFO - [2026-04-23T17:02:17.888+0000] {dag.py:3096} INFO - Sync 1 DAGs
[2026-04-23T17:02:17.896+0000] {logging_mixin.py:188} INFO - [2026-04-23T17:02:17.896+0000] {dag.py:3954} INFO - Setting next_dagrun for sales_pipeline to 2026-04-23 08:00:00+00:00, run_after=2026-04-24 08:00:00+00:00
[2026-04-23T17:02:17.903+0000] {processor.py:183} INFO - Processing /opt/airflow/dags/sales_pipeline.py took 0.179 seconds
[2026-04-23T17:02:47.969+0000] {processor.py:161} INFO - Started process (PID=2082) to work on /opt/airflow/dags/sales_pipeline.py
[2026-04-23T17:02:47.970+0000] {processor.py:830} INFO - Processing file /opt/airflow/dags/sales_pipeline.py for tasks to queue
[2026-04-23T17:02:47.973+0000] {logging_mixin.py:188} INFO - [2026-04-23T17:02:47.972+0000] {dagbag.py:540} INFO - Filling up the DagBag from /opt/airflow/dags/sales_pipeline.py
[2026-04-23T17:02:48.117+0000] {processor.py:840} INFO - DAG(s) 'sales_pipeline' retrieved from /opt/airflow/dags/sales_pipeline.py
[2026-04-23T17:02:48.129+0000] {logging_mixin.py:188} INFO - [2026-04-23T17:02:48.129+0000] {dag.py:3096} INFO - Sync 1 DAGs
[2026-04-23T17:02:48.138+0000] {logging_mixin.py:188} INFO - [2026-04-23T17:02:48.137+0000] {dag.py:3954} INFO - Setting next_dagrun for sales_pipeline to 2026-04-23 08:00:00+00:00, run_after=2026-04-24 08:00:00+00:00
[2026-04-23T17:02:48.143+0000] {processor.py:183} INFO - Processing /opt/airflow/dags/sales_pipeline.py took 0.181 seconds
[2026-04-23T17:03:18.355+0000] {processor.py:161} INFO - Started process (PID=2141) to work on /opt/airflow/dags/sales_pipeline.py
[2026-04-23T17:03:18.356+0000] {processor.py:830} INFO - Processing file /opt/airflow/dags/sales_pipeline.py for tasks to queue
[2026-04-23T17:03:18.358+0000] {logging_mixin.py:188} INFO - [2026-04-23T17:03:18.358+0000] {dagbag.py:540} INFO - Filling up the DagBag from /opt/airflow/dags/sales_pipeline.py
[2026-04-23T17:03:18.507+0000] {processor.py:840} INFO - DAG(s) 'sales_pipeline' retrieved from /opt/airflow/dags/sales_pipeline.py
[2026-04-23T17:03:18.520+0000] {logging_mixin.py:188} INFO - [2026-04-23T17:03:18.520+0000] {dag.py:3096} INFO - Sync 1 DAGs
[2026-04-23T17:03:18.528+0000] {logging_mixin.py:188} INFO - [2026-04-23T17:03:18.528+0000] {dag.py:3954} INFO - Setting next_dagrun for sales_pipeline to 2026-04-23 08:00:00+00:00, run_after=2026-04-24 08:00:00+00:00
[2026-04-23T17:03:18.535+0000] {processor.py:183} INFO - Processing /opt/airflow/dags/sales_pipeline.py took 0.185 seconds
[2026-04-23T17:03:48.554+0000] {processor.py:161} INFO - Started process (PID=2207) to work on /opt/airflow/dags/sales_pipeline.py
[2026-04-23T17:03:48.555+0000] {processor.py:830} INFO - Processing file /opt/airflow/dags/sales_pipeline.py for tasks to queue
[2026-04-23T17:03:48.555+0000] {logging_mixin.py:188} INFO - [2026-04-23T17:03:48.555+0000] {dagbag.py:540} INFO - Filling up the DagBag from /opt/airflow/dags/sales_pipeline.py
[2026-04-23T17:03:48.675+0000] {processor.py:840} INFO - DAG(s) 'sales_pipeline' retrieved from /opt/airflow/dags/sales_pipeline.py
[2026-04-23T17:03:48.687+0000] {logging_mixin.py:188} INFO - [2026-04-23T17:03:48.687+0000] {dag.py:3096} INFO - Sync 1 DAGs
[2026-04-23T17:03:48.695+0000] {logging_mixin.py:188} INFO - [2026-04-23T17:03:48.695+0000] {dag.py:3954} INFO - Setting next_dagrun for sales_pipeline to 2026-04-23 08:00:00+00:00, run_after=2026-04-24 08:00:00+00:00
[2026-04-23T17:03:48.702+0000] {processor.py:183} INFO - Processing /opt/airflow/dags/sales_pipeline.py took 0.150 seconds
[2026-04-23T17:04:18.946+0000] {processor.py:161} INFO - Started process (PID=2268) to work on /opt/airflow/dags/sales_pipeline.py
[2026-04-23T17:04:18.947+0000] {processor.py:830} INFO - Processing file /opt/airflow/dags/sales_pipeline.py for tasks to queue
[2026-04-23T17:04:18.949+0000] {logging_mixin.py:188} INFO - [2026-04-23T17:04:18.948+0000] {dagbag.py:540} INFO - Filling up the DagBag from /opt/airflow/dags/sales_pipeline.py
[2026-04-23T17:04:19.098+0000] {processor.py:840} INFO - DAG(s) 'sales_pipeline' retrieved from /opt/airflow/dags/sales_pipeline.py
[2026-04-23T17:04:19.111+0000] {logging_mixin.py:188} INFO - [2026-04-23T17:04:19.111+0000] {dag.py:3096} INFO - Sync 1 DAGs
[2026-04-23T17:04:19.119+0000] {logging_mixin.py:188} INFO - [2026-04-23T17:04:19.119+0000] {dag.py:3954} INFO - Setting next_dagrun for sales_pipeline to 2026-04-23 08:00:00+00:00, run_after=2026-04-24 08:00:00+00:00
[2026-04-23T17:04:19.125+0000] {processor.py:183} INFO - Processing /opt/airflow/dags/sales_pipeline.py took 0.186 seconds
[2026-04-23T17:04:49.210+0000] {processor.py:161} INFO - Started process (PID=2328) to work on /opt/airflow/dags/sales_pipeline.py
[2026-04-23T17:04:49.211+0000] {processor.py:830} INFO - Processing file /opt/airflow/dags/sales_pipeline.py for tasks to queue
[2026-04-23T17:04:49.213+0000] {logging_mixin.py:188} INFO - [2026-04-23T17:04:49.213+0000] {dagbag.py:540} INFO - Filling up the DagBag from /opt/airflow/dags/sales_pipeline.py
[2026-04-23T17:04:49.360+0000] {processor.py:840} INFO - DAG(s) 'sales_pipeline' retrieved from /opt/airflow/dags/sales_pipeline.py
[2026-04-23T17:04:49.372+0000] {logging_mixin.py:188} INFO - [2026-04-23T17:04:49.372+0000] {dag.py:3096} INFO - Sync 1 DAGs
[2026-04-23T17:04:49.380+0000] {logging_mixin.py:188} INFO - [2026-04-23T17:04:49.380+0000] {dag.py:3954} INFO - Setting next_dagrun for sales_pipeline to 2026-04-23 08:00:00+00:00, run_after=2026-04-24 08:00:00+00:00
[2026-04-23T17:04:49.386+0000] {processor.py:183} INFO - Processing /opt/airflow/dags/sales_pipeline.py took 0.184 seconds
[2026-04-23T17:05:19.580+0000] {processor.py:161} INFO - Started process (PID=2394) to work on /opt/airflow/dags/sales_pipeline.py
[2026-04-23T17:05:19.581+0000] {processor.py:830} INFO - Processing file /opt/airflow/dags/sales_pipeline.py for tasks to queue
[2026-04-23T17:05:19.583+0000] {logging_mixin.py:188} INFO - [2026-04-23T17:05:19.583+0000] {dagbag.py:540} INFO - Filling up the DagBag from /opt/airflow/dags/sales_pipeline.py
[2026-04-23T17:05:19.800+0000] {processor.py:840} INFO - DAG(s) 'sales_pipeline' retrieved from /opt/airflow/dags/sales_pipeline.py
[2026-04-23T17:05:19.838+0000] {logging_mixin.py:188} INFO - [2026-04-23T17:05:19.838+0000] {dag.py:3096} INFO - Sync 1 DAGs
[2026-04-23T17:05:19.857+0000] {logging_mixin.py:188} INFO - [2026-04-23T17:05:19.857+0000] {dag.py:3954} INFO - Setting next_dagrun for sales_pipeline to 2026-04-23 08:00:00+00:00, run_after=2026-04-24 08:00:00+00:00
[2026-04-23T17:05:19.869+0000] {processor.py:183} INFO - Processing /opt/airflow/dags/sales_pipeline.py took 0.299 seconds
[2026-04-23T17:05:49.894+0000] {processor.py:161} INFO - Started process (PID=2454) to work on /opt/airflow/dags/sales_pipeline.py
[2026-04-23T17:05:49.894+0000] {processor.py:830} INFO - Processing file /opt/airflow/dags/sales_pipeline.py for tasks to queue
[2026-04-23T17:05:49.896+0000] {logging_mixin.py:188} INFO - [2026-04-23T17:05:49.895+0000] {dagbag.py:540} INFO - Filling up the DagBag from /opt/airflow/dags/sales_pipeline.py
[2026-04-23T17:05:50.088+0000] {processor.py:840} INFO - DAG(s) 'sales_pipeline' retrieved from /opt/airflow/dags/sales_pipeline.py
[2026-04-23T17:05:50.105+0000] {logging_mixin.py:188} INFO - [2026-04-23T17:05:50.105+0000] {dag.py:3096} INFO - Sync 1 DAGs
[2026-04-23T17:05:50.116+0000] {logging_mixin.py:188} INFO - [2026-04-23T17:05:50.116+0000] {dag.py:3954} INFO - Setting next_dagrun for sales_pipeline to 2026-04-23 08:00:00+00:00, run_after=2026-04-24 08:00:00+00:00
[2026-04-23T17:05:50.124+0000] {processor.py:183} INFO - Processing /opt/airflow/dags/sales_pipeline.py took 0.235 seconds
[2026-04-23T17:06:20.316+0000] {processor.py:161} INFO - Started process (PID=2514) to work on /opt/airflow/dags/sales_pipeline.py
[2026-04-23T17:06:20.317+0000] {processor.py:830} INFO - Processing file /opt/airflow/dags/sales_pipeline.py for tasks to queue
[2026-04-23T17:06:20.318+0000] {logging_mixin.py:188} INFO - [2026-04-23T17:06:20.318+0000] {dagbag.py:540} INFO - Filling up the DagBag from /opt/airflow/dags/sales_pipeline.py
[2026-04-23T17:06:20.470+0000] {processor.py:840} INFO - DAG(s) 'sales_pipeline' retrieved from /opt/airflow/dags/sales_pipeline.py
[2026-04-23T17:06:20.482+0000] {logging_mixin.py:188} INFO - [2026-04-23T17:06:20.482+0000] {dag.py:3096} INFO - Sync 1 DAGs
[2026-04-23T17:06:20.492+0000] {logging_mixin.py:188} INFO - [2026-04-23T17:06:20.492+0000] {dag.py:3954} INFO - Setting next_dagrun for sales_pipeline to 2026-04-23 08:00:00+00:00, run_after=2026-04-24 08:00:00+00:00
[2026-04-23T17:06:20.498+0000] {processor.py:183} INFO - Processing /opt/airflow/dags/sales_pipeline.py took 0.187 seconds
[2026-04-23T17:06:50.549+0000] {processor.py:161} INFO - Started process (PID=2618) to work on /opt/airflow/dags/sales_pipeline.py
[2026-04-23T17:06:50.551+0000] {processor.py:830} INFO - Processing file /opt/airflow/dags/sales_pipeline.py for tasks to queue
[2026-04-23T17:06:50.553+0000] {logging_mixin.py:188} INFO - [2026-04-23T17:06:50.553+0000] {dagbag.py:540} INFO - Filling up the DagBag from /opt/airflow/dags/sales_pipeline.py
[2026-04-23T17:06:50.695+0000] {processor.py:840} INFO - DAG(s) 'sales_pipeline' retrieved from /opt/airflow/dags/sales_pipeline.py
[2026-04-23T17:06:50.709+0000] {logging_mixin.py:188} INFO - [2026-04-23T17:06:50.709+0000] {dag.py:3096} INFO - Sync 1 DAGs
[2026-04-23T17:06:50.717+0000] {logging_mixin.py:188} INFO - [2026-04-23T17:06:50.717+0000] {dag.py:3954} INFO - Setting next_dagrun for sales_pipeline to 2026-04-23 08:00:00+00:00, run_after=2026-04-24 08:00:00+00:00
[2026-04-23T17:06:50.724+0000] {processor.py:183} INFO - Processing /opt/airflow/dags/sales_pipeline.py took 0.183 seconds
[2026-04-23T17:07:20.863+0000] {processor.py:161} INFO - Started process (PID=2724) to work on /opt/airflow/dags/sales_pipeline.py
[2026-04-23T17:07:20.864+0000] {processor.py:830} INFO - Processing file /opt/airflow/dags/sales_pipeline.py for tasks to queue
[2026-04-23T17:07:20.865+0000] {logging_mixin.py:188} INFO - [2026-04-23T17:07:20.865+0000] {dagbag.py:540} INFO - Filling up the DagBag from /opt/airflow/dags/sales_pipeline.py
[2026-04-23T17:07:21.001+0000] {processor.py:840} INFO - DAG(s) 'sales_pipeline' retrieved from /opt/airflow/dags/sales_pipeline.py
[2026-04-23T17:07:21.013+0000] {logging_mixin.py:188} INFO - [2026-04-23T17:07:21.012+0000] {dag.py:3096} INFO - Sync 1 DAGs
[2026-04-23T17:07:21.020+0000] {logging_mixin.py:188} INFO - [2026-04-23T17:07:21.020+0000] {dag.py:3954} INFO - Setting next_dagrun for sales_pipeline to 2026-04-23 08:00:00+00:00, run_after=2026-04-24 08:00:00+00:00
[2026-04-23T17:07:21.026+0000] {processor.py:183} INFO - Processing /opt/airflow/dags/sales_pipeline.py took 0.169 seconds
[2026-04-23T17:07:51.108+0000] {processor.py:161} INFO - Started process (PID=2833) to work on /opt/airflow/dags/sales_pipeline.py
[2026-04-23T17:07:51.108+0000] {processor.py:830} INFO - Processing file /opt/airflow/dags/sales_pipeline.py for tasks to queue
[2026-04-23T17:07:51.110+0000] {logging_mixin.py:188} INFO - [2026-04-23T17:07:51.110+0000] {dagbag.py:540} INFO - Filling up the DagBag from /opt/airflow/dags/sales_pipeline.py
[2026-04-23T17:07:51.259+0000] {processor.py:840} INFO - DAG(s) 'sales_pipeline' retrieved from /opt/airflow/dags/sales_pipeline.py
[2026-04-23T17:07:51.276+0000] {logging_mixin.py:188} INFO - [2026-04-23T17:07:51.276+0000] {dag.py:3096} INFO - Sync 1 DAGs
[2026-04-23T17:07:51.286+0000] {logging_mixin.py:188} INFO - [2026-04-23T17:07:51.286+0000] {dag.py:3954} INFO - Setting next_dagrun for sales_pipeline to 2026-04-23 08:00:00+00:00, run_after=2026-04-24 08:00:00+00:00
[2026-04-23T17:07:51.293+0000] {processor.py:183} INFO - Processing /opt/airflow/dags/sales_pipeline.py took 0.190 seconds
[2026-04-23T17:08:21.470+0000] {processor.py:161} INFO - Started process (PID=2894) to work on /opt/airflow/dags/sales_pipeline.py
[2026-04-23T17:08:21.471+0000] {processor.py:830} INFO - Processing file /opt/airflow/dags/sales_pipeline.py for tasks to queue
[2026-04-23T17:08:21.474+0000] {logging_mixin.py:188} INFO - [2026-04-23T17:08:21.473+0000] {dagbag.py:540} INFO - Filling up the DagBag from /opt/airflow/dags/sales_pipeline.py
[2026-04-23T17:08:21.636+0000] {processor.py:840} INFO - DAG(s) 'sales_pipeline' retrieved from /opt/airflow/dags/sales_pipeline.py
[2026-04-23T17:08:21.648+0000] {logging_mixin.py:188} INFO - [2026-04-23T17:08:21.648+0000] {dag.py:3096} INFO - Sync 1 DAGs
[2026-04-23T17:08:21.656+0000] {logging_mixin.py:188} INFO - [2026-04-23T17:08:21.656+0000] {dag.py:3954} INFO - Setting next_dagrun for sales_pipeline to 2026-04-23 08:00:00+00:00, run_after=2026-04-24 08:00:00+00:00
[2026-04-23T17:08:21.662+0000] {processor.py:183} INFO - Processing /opt/airflow/dags/sales_pipeline.py took 0.200 seconds
[2026-04-23T17:08:51.703+0000] {processor.py:161} INFO - Started process (PID=2954) to work on /opt/airflow/dags/sales_pipeline.py
[2026-04-23T17:08:51.704+0000] {processor.py:830} INFO - Processing file /opt/airflow/dags/sales_pipeline.py for tasks to queue
[2026-04-23T17:08:51.707+0000] {logging_mixin.py:188} INFO - [2026-04-23T17:08:51.706+0000] {dagbag.py:540} INFO - Filling up the DagBag from /opt/airflow/dags/sales_pipeline.py
[2026-04-23T17:08:51.848+0000] {processor.py:840} INFO - DAG(s) 'sales_pipeline' retrieved from /opt/airflow/dags/sales_pipeline.py
[2026-04-23T17:08:51.859+0000] {logging_mixin.py:188} INFO - [2026-04-23T17:08:51.859+0000] {dag.py:3096} INFO - Sync 1 DAGs
[2026-04-23T17:08:51.868+0000] {logging_mixin.py:188} INFO - [2026-04-23T17:08:51.868+0000] {dag.py:3954} INFO - Setting next_dagrun for sales_pipeline to 2026-04-23 08:00:00+00:00, run_after=2026-04-24 08:00:00+00:00
[2026-04-23T17:08:51.874+0000] {processor.py:183} INFO - Processing /opt/airflow/dags/sales_pipeline.py took 0.177 seconds
[2026-04-23T17:09:22.115+0000] {processor.py:161} INFO - Started process (PID=3020) to work on /opt/airflow/dags/sales_pipeline.py
[2026-04-23T17:09:22.115+0000] {processor.py:830} INFO - Processing file /opt/airflow/dags/sales_pipeline.py for tasks to queue
[2026-04-23T17:09:22.117+0000] {logging_mixin.py:188} INFO - [2026-04-23T17:09:22.117+0000] {dagbag.py:540} INFO - Filling up the DagBag from /opt/airflow/dags/sales_pipeline.py
[2026-04-23T17:09:22.239+0000] {processor.py:840} INFO - DAG(s) 'sales_pipeline' retrieved from /opt/airflow/dags/sales_pipeline.py
[2026-04-23T17:09:22.249+0000] {logging_mixin.py:188} INFO - [2026-04-23T17:09:22.249+0000] {dag.py:3096} INFO - Sync 1 DAGs
[2026-04-23T17:09:22.258+0000] {logging_mixin.py:188} INFO - [2026-04-23T17:09:22.258+0000] {dag.py:3954} INFO - Setting next_dagrun for sales_pipeline to 2026-04-23 08:00:00+00:00, run_after=2026-04-24 08:00:00+00:00
[2026-04-23T17:09:22.263+0000] {processor.py:183} INFO - Processing /opt/airflow/dags/sales_pipeline.py took 0.153 seconds
[2026-04-23T17:09:52.330+0000] {processor.py:161} INFO - Started process (PID=3080) to work on /opt/airflow/dags/sales_pipeline.py
[2026-04-23T17:09:52.330+0000] {processor.py:830} INFO - Processing file /opt/airflow/dags/sales_pipeline.py for tasks to queue
[2026-04-23T17:09:52.333+0000] {logging_mixin.py:188} INFO - [2026-04-23T17:09:52.332+0000] {dagbag.py:540} INFO - Filling up the DagBag from /opt/airflow/dags/sales_pipeline.py
[2026-04-23T17:09:52.475+0000] {processor.py:840} INFO - DAG(s) 'sales_pipeline' retrieved from /opt/airflow/dags/sales_pipeline.py
[2026-04-23T17:09:52.486+0000] {logging_mixin.py:188} INFO - [2026-04-23T17:09:52.486+0000] {dag.py:3096} INFO - Sync 1 DAGs
[2026-04-23T17:09:52.494+0000] {logging_mixin.py:188} INFO - [2026-04-23T17:09:52.494+0000] {dag.py:3954} INFO - Setting next_dagrun for sales_pipeline to 2026-04-23 08:00:00+00:00, run_after=2026-04-24 08:00:00+00:00
[2026-04-23T17:09:52.500+0000] {processor.py:183} INFO - Processing /opt/airflow/dags/sales_pipeline.py took 0.177 seconds
[2026-04-23T17:10:22.648+0000] {processor.py:161} INFO - Started process (PID=3144) to work on /opt/airflow/dags/sales_pipeline.py
[2026-04-23T17:10:22.649+0000] {processor.py:830} INFO - Processing file /opt/airflow/dags/sales_pipeline.py for tasks to queue
[2026-04-23T17:10:22.650+0000] {logging_mixin.py:188} INFO - [2026-04-23T17:10:22.650+0000] {dagbag.py:540} INFO - Filling up the DagBag from /opt/airflow/dags/sales_pipeline.py
[2026-04-23T17:10:22.756+0000] {processor.py:840} INFO - DAG(s) 'sales_pipeline' retrieved from /opt/airflow/dags/sales_pipeline.py
[2026-04-23T17:10:22.767+0000] {logging_mixin.py:188} INFO - [2026-04-23T17:10:22.767+0000] {dag.py:3096} INFO - Sync 1 DAGs
[2026-04-23T17:10:22.774+0000] {logging_mixin.py:188} INFO - [2026-04-23T17:10:22.774+0000] {dag.py:3954} INFO - Setting next_dagrun for sales_pipeline to 2026-04-23 08:00:00+00:00, run_after=2026-04-24 08:00:00+00:00
[2026-04-23T17:10:22.779+0000] {processor.py:183} INFO - Processing /opt/airflow/dags/sales_pipeline.py took 0.133 seconds
[2026-04-23T17:10:52.894+0000] {processor.py:161} INFO - Started process (PID=3203) to work on /opt/airflow/dags/sales_pipeline.py
[2026-04-23T17:10:52.895+0000] {processor.py:830} INFO - Processing file /opt/airflow/dags/sales_pipeline.py for tasks to queue
[2026-04-23T17:10:52.897+0000] {logging_mixin.py:188} INFO - [2026-04-23T17:10:52.897+0000] {dagbag.py:540} INFO - Filling up the DagBag from /opt/airflow/dags/sales_pipeline.py
[2026-04-23T17:10:53.047+0000] {processor.py:840} INFO - DAG(s) 'sales_pipeline' retrieved from /opt/airflow/dags/sales_pipeline.py
[2026-04-23T17:10:53.058+0000] {logging_mixin.py:188} INFO - [2026-04-23T17:10:53.058+0000] {dag.py:3096} INFO - Sync 1 DAGs
[2026-04-23T17:10:53.067+0000] {logging_mixin.py:188} INFO - [2026-04-23T17:10:53.067+0000] {dag.py:3954} INFO - Setting next_dagrun for sales_pipeline to 2026-04-23 08:00:00+00:00, run_after=2026-04-24 08:00:00+00:00
[2026-04-23T17:10:53.073+0000] {processor.py:183} INFO - Processing /opt/airflow/dags/sales_pipeline.py took 0.187 seconds
[2026-04-23T17:11:23.153+0000] {processor.py:161} INFO - Started process (PID=3270) to work on /opt/airflow/dags/sales_pipeline.py
[2026-04-23T17:11:23.153+0000] {processor.py:830} INFO - Processing file /opt/airflow/dags/sales_pipeline.py for tasks to queue
[2026-04-23T17:11:23.154+0000] {logging_mixin.py:188} INFO - [2026-04-23T17:11:23.154+0000] {dagbag.py:540} INFO - Filling up the DagBag from /opt/airflow/dags/sales_pipeline.py
[2026-04-23T17:11:23.266+0000] {processor.py:840} INFO - DAG(s) 'sales_pipeline' retrieved from /opt/airflow/dags/sales_pipeline.py
[2026-04-23T17:11:23.277+0000] {logging_mixin.py:188} INFO - [2026-04-23T17:11:23.277+0000] {dag.py:3096} INFO - Sync 1 DAGs
[2026-04-23T17:11:23.285+0000] {logging_mixin.py:188} INFO - [2026-04-23T17:11:23.284+0000] {dag.py:3954} INFO - Setting next_dagrun for sales_pipeline to 2026-04-23 08:00:00+00:00, run_after=2026-04-24 08:00:00+00:00
[2026-04-23T17:11:23.290+0000] {processor.py:183} INFO - Processing /opt/airflow/dags/sales_pipeline.py took 0.140 seconds
[2026-04-23T17:11:53.463+0000] {processor.py:161} INFO - Started process (PID=3330) to work on /opt/airflow/dags/sales_pipeline.py
[2026-04-23T17:11:53.464+0000] {processor.py:830} INFO - Processing file /opt/airflow/dags/sales_pipeline.py for tasks to queue
[2026-04-23T17:11:53.465+0000] {logging_mixin.py:188} INFO - [2026-04-23T17:11:53.465+0000] {dagbag.py:540} INFO - Filling up the DagBag from /opt/airflow/dags/sales_pipeline.py
[2026-04-23T17:11:53.703+0000] {processor.py:840} INFO - DAG(s) 'sales_pipeline' retrieved from /opt/airflow/dags/sales_pipeline.py
[2026-04-23T17:11:53.719+0000] {logging_mixin.py:188} INFO - [2026-04-23T17:11:53.719+0000] {dag.py:3096} INFO - Sync 1 DAGs
[2026-04-23T17:11:53.731+0000] {logging_mixin.py:188} INFO - [2026-04-23T17:11:53.731+0000] {dag.py:3954} INFO - Setting next_dagrun for sales_pipeline to 2026-04-23 08:00:00+00:00, run_after=2026-04-24 08:00:00+00:00
[2026-04-23T17:11:53.739+0000] {processor.py:183} INFO - Processing /opt/airflow/dags/sales_pipeline.py took 0.282 seconds
[2026-04-23T17:12:23.969+0000] {processor.py:161} INFO - Started process (PID=3390) to work on /opt/airflow/dags/sales_pipeline.py
[2026-04-23T17:12:23.970+0000] {processor.py:830} INFO - Processing file /opt/airflow/dags/sales_pipeline.py for tasks to queue
[2026-04-23T17:12:23.972+0000] {logging_mixin.py:188} INFO - [2026-04-23T17:12:23.972+0000] {dagbag.py:540} INFO - Filling up the DagBag from /opt/airflow/dags/sales_pipeline.py
[2026-04-23T17:12:24.131+0000] {processor.py:840} INFO - DAG(s) 'sales_pipeline' retrieved from /opt/airflow/dags/sales_pipeline.py
[2026-04-23T17:12:24.144+0000] {logging_mixin.py:188} INFO - [2026-04-23T17:12:24.144+0000] {dag.py:3096} INFO - Sync 1 DAGs
[2026-04-23T17:12:24.153+0000] {logging_mixin.py:188} INFO - [2026-04-23T17:12:24.153+0000] {dag.py:3954} INFO - Setting next_dagrun for sales_pipeline to 2026-04-23 08:00:00+00:00, run_after=2026-04-24 08:00:00+00:00
[2026-04-23T17:12:24.160+0000] {processor.py:183} INFO - Processing /opt/airflow/dags/sales_pipeline.py took 0.199 seconds
[2026-04-23T17:12:54.381+0000] {processor.py:161} INFO - Started process (PID=3450) to work on /opt/airflow/dags/sales_pipeline.py
[2026-04-23T17:12:54.382+0000] {processor.py:830} INFO - Processing file /opt/airflow/dags/sales_pipeline.py for tasks to queue
[2026-04-23T17:12:54.383+0000] {logging_mixin.py:188} INFO - [2026-04-23T17:12:54.383+0000] {dagbag.py:540} INFO - Filling up the DagBag from /opt/airflow/dags/sales_pipeline.py
[2026-04-23T17:12:54.507+0000] {processor.py:840} INFO - DAG(s) 'sales_pipeline' retrieved from /opt/airflow/dags/sales_pipeline.py
[2026-04-23T17:12:54.518+0000] {logging_mixin.py:188} INFO - [2026-04-23T17:12:54.518+0000] {dag.py:3096} INFO - Sync 1 DAGs
[2026-04-23T17:12:54.525+0000] {logging_mixin.py:188} INFO - [2026-04-23T17:12:54.525+0000] {dag.py:3954} INFO - Setting next_dagrun for sales_pipeline to 2026-04-23 08:00:00+00:00, run_after=2026-04-24 08:00:00+00:00
[2026-04-23T17:12:54.530+0000] {processor.py:183} INFO - Processing /opt/airflow/dags/sales_pipeline.py took 0.154 seconds
[2026-04-23T17:13:24.578+0000] {processor.py:161} INFO - Started process (PID=3516) to work on /opt/airflow/dags/sales_pipeline.py
[2026-04-23T17:13:24.578+0000] {processor.py:830} INFO - Processing file /opt/airflow/dags/sales_pipeline.py for tasks to queue
[2026-04-23T17:13:24.579+0000] {logging_mixin.py:188} INFO - [2026-04-23T17:13:24.579+0000] {dagbag.py:540} INFO - Filling up the DagBag from /opt/airflow/dags/sales_pipeline.py
[2026-04-23T17:13:24.731+0000] {processor.py:840} INFO - DAG(s) 'sales_pipeline' retrieved from /opt/airflow/dags/sales_pipeline.py
[2026-04-23T17:13:24.747+0000] {logging_mixin.py:188} INFO - [2026-04-23T17:13:24.747+0000] {dag.py:3096} INFO - Sync 1 DAGs
[2026-04-23T17:13:24.759+0000] {logging_mixin.py:188} INFO - [2026-04-23T17:13:24.759+0000] {dag.py:3954} INFO - Setting next_dagrun for sales_pipeline to 2026-04-23 08:00:00+00:00, run_after=2026-04-24 08:00:00+00:00
[2026-04-23T17:13:24.767+0000] {processor.py:183} INFO - Processing /opt/airflow/dags/sales_pipeline.py took 0.193 seconds
[2026-04-23T17:13:54.969+0000] {processor.py:161} INFO - Started process (PID=3576) to work on /opt/airflow/dags/sales_pipeline.py
[2026-04-23T17:13:54.970+0000] {processor.py:830} INFO - Processing file /opt/airflow/dags/sales_pipeline.py for tasks to queue
[2026-04-23T17:13:54.972+0000] {logging_mixin.py:188} INFO - [2026-04-23T17:13:54.971+0000] {dagbag.py:540} INFO - Filling up the DagBag from /opt/airflow/dags/sales_pipeline.py
[2026-04-23T17:13:55.100+0000] {processor.py:840} INFO - DAG(s) 'sales_pipeline' retrieved from /opt/airflow/dags/sales_pipeline.py
[2026-04-23T17:13:55.111+0000] {logging_mixin.py:188} INFO - [2026-04-23T17:13:55.111+0000] {dag.py:3096} INFO - Sync 1 DAGs
[2026-04-23T17:13:55.118+0000] {logging_mixin.py:188} INFO - [2026-04-23T17:13:55.118+0000] {dag.py:3954} INFO - Setting next_dagrun for sales_pipeline to 2026-04-23 08:00:00+00:00, run_after=2026-04-24 08:00:00+00:00
[2026-04-23T17:13:55.124+0000] {processor.py:183} INFO - Processing /opt/airflow/dags/sales_pipeline.py took 0.160 seconds
[2026-04-23T17:14:25.192+0000] {processor.py:161} INFO - Started process (PID=3642) to work on /opt/airflow/dags/sales_pipeline.py
[2026-04-23T17:14:25.193+0000] {processor.py:830} INFO - Processing file /opt/airflow/dags/sales_pipeline.py for tasks to queue
[2026-04-23T17:14:25.195+0000] {logging_mixin.py:188} INFO - [2026-04-23T17:14:25.195+0000] {dagbag.py:540} INFO - Filling up the DagBag from /opt/airflow/dags/sales_pipeline.py
[2026-04-23T17:14:25.340+0000] {processor.py:840} INFO - DAG(s) 'sales_pipeline' retrieved from /opt/airflow/dags/sales_pipeline.py
[2026-04-23T17:14:25.352+0000] {logging_mixin.py:188} INFO - [2026-04-23T17:14:25.352+0000] {dag.py:3096} INFO - Sync 1 DAGs
[2026-04-23T17:14:25.361+0000] {logging_mixin.py:188} INFO - [2026-04-23T17:14:25.361+0000] {dag.py:3954} INFO - Setting next_dagrun for sales_pipeline to 2026-04-23 08:00:00+00:00, run_after=2026-04-24 08:00:00+00:00
[2026-04-23T17:14:25.368+0000] {processor.py:183} INFO - Processing /opt/airflow/dags/sales_pipeline.py took 0.180 seconds
[2026-04-23T17:14:55.616+0000] {processor.py:161} INFO - Started process (PID=3702) to work on /opt/airflow/dags/sales_pipeline.py
[2026-04-23T17:14:55.617+0000] {processor.py:830} INFO - Processing file /opt/airflow/dags/sales_pipeline.py for tasks to queue
[2026-04-23T17:14:55.618+0000] {logging_mixin.py:188} INFO - [2026-04-23T17:14:55.618+0000] {dagbag.py:540} INFO - Filling up the DagBag from /opt/airflow/dags/sales_pipeline.py
[2026-04-23T17:14:55.780+0000] {processor.py:840} INFO - DAG(s) 'sales_pipeline' retrieved from /opt/airflow/dags/sales_pipeline.py
[2026-04-23T17:14:55.792+0000] {logging_mixin.py:188} INFO - [2026-04-23T17:14:55.792+0000] {dag.py:3096} INFO - Sync 1 DAGs
[2026-04-23T17:14:55.800+0000] {logging_mixin.py:188} INFO - [2026-04-23T17:14:55.800+0000] {dag.py:3954} INFO - Setting next_dagrun for sales_pipeline to 2026-04-23 08:00:00+00:00, run_after=2026-04-24 08:00:00+00:00
[2026-04-23T17:14:55.807+0000] {processor.py:183} INFO - Processing /opt/airflow/dags/sales_pipeline.py took 0.195 seconds
[2026-04-23T17:15:25.852+0000] {processor.py:161} INFO - Started process (PID=3763) to work on /opt/airflow/dags/sales_pipeline.py
[2026-04-23T17:15:25.853+0000] {processor.py:830} INFO - Processing file /opt/airflow/dags/sales_pipeline.py for tasks to queue
[2026-04-23T17:15:25.855+0000] {logging_mixin.py:188} INFO - [2026-04-23T17:15:25.855+0000] {dagbag.py:540} INFO - Filling up the DagBag from /opt/airflow/dags/sales_pipeline.py
[2026-04-23T17:15:26.085+0000] {processor.py:840} INFO - DAG(s) 'sales_pipeline' retrieved from /opt/airflow/dags/sales_pipeline.py
[2026-04-23T17:15:26.098+0000] {logging_mixin.py:188} INFO - [2026-04-23T17:15:26.098+0000] {dag.py:3096} INFO - Sync 1 DAGs
[2026-04-23T17:15:26.108+0000] {logging_mixin.py:188} INFO - [2026-04-23T17:15:26.108+0000] {dag.py:3954} INFO - Setting next_dagrun for sales_pipeline to 2026-04-23 08:00:00+00:00, run_after=2026-04-24 08:00:00+00:00
[2026-04-23T17:15:26.114+0000] {processor.py:183} INFO - Processing /opt/airflow/dags/sales_pipeline.py took 0.273 seconds
[2026-04-23T17:15:56.163+0000] {processor.py:161} INFO - Started process (PID=3829) to work on /opt/airflow/dags/sales_pipeline.py
[2026-04-23T17:15:56.164+0000] {processor.py:830} INFO - Processing file /opt/airflow/dags/sales_pipeline.py for tasks to queue
[2026-04-23T17:15:56.165+0000] {logging_mixin.py:188} INFO - [2026-04-23T17:15:56.165+0000] {dagbag.py:540} INFO - Filling up the DagBag from /opt/airflow/dags/sales_pipeline.py
[2026-04-23T17:15:56.317+0000] {processor.py:840} INFO - DAG(s) 'sales_pipeline' retrieved from /opt/airflow/dags/sales_pipeline.py
[2026-04-23T17:15:56.330+0000] {logging_mixin.py:188} INFO - [2026-04-23T17:15:56.330+0000] {dag.py:3096} INFO - Sync 1 DAGs
[2026-04-23T17:15:56.342+0000] {logging_mixin.py:188} INFO - [2026-04-23T17:15:56.342+0000] {dag.py:3954} INFO - Setting next_dagrun for sales_pipeline to 2026-04-23 08:00:00+00:00, run_after=2026-04-24 08:00:00+00:00
[2026-04-23T17:15:56.349+0000] {processor.py:183} INFO - Processing /opt/airflow/dags/sales_pipeline.py took 0.190 seconds
[2026-04-23T17:16:26.575+0000] {processor.py:161} INFO - Started process (PID=3889) to work on /opt/airflow/dags/sales_pipeline.py
[2026-04-23T17:16:26.576+0000] {processor.py:830} INFO - Processing file /opt/airflow/dags/sales_pipeline.py for tasks to queue
[2026-04-23T17:16:26.578+0000] {logging_mixin.py:188} INFO - [2026-04-23T17:16:26.578+0000] {dagbag.py:540} INFO - Filling up the DagBag from /opt/airflow/dags/sales_pipeline.py
[2026-04-23T17:16:26.728+0000] {processor.py:840} INFO - DAG(s) 'sales_pipeline' retrieved from /opt/airflow/dags/sales_pipeline.py
[2026-04-23T17:16:26.741+0000] {logging_mixin.py:188} INFO - [2026-04-23T17:16:26.741+0000] {dag.py:3096} INFO - Sync 1 DAGs
[2026-04-23T17:16:26.750+0000] {logging_mixin.py:188} INFO - [2026-04-23T17:16:26.750+0000] {dag.py:3954} INFO - Setting next_dagrun for sales_pipeline to 2026-04-23 08:00:00+00:00, run_after=2026-04-24 08:00:00+00:00
[2026-04-23T17:16:26.756+0000] {processor.py:183} INFO - Processing /opt/airflow/dags/sales_pipeline.py took 0.188 seconds
