[2026-04-23T15:34:52.446+0000] {manager.py:470} INFO - Processing files using up to 2 processes at a time 
[2026-04-23T15:34:52.446+0000] {manager.py:471} INFO - Process each file at most once every 30 seconds
[2026-04-23T15:34:52.448+0000] {manager.py:472} INFO - Checking for new files in /opt/airflow/dags every 300 seconds
[2026-04-23T15:34:52.448+0000] {manager.py:737} INFO - Searching for files in /opt/airflow/dags
[2026-04-23T15:34:52.449+0000] {manager.py:740} INFO - There are 1 files in /opt/airflow/dags
[2026-04-23T15:34:52.496+0000] {manager.py:878} INFO - 
================================================================================
DAG File Processing Stats

File Path                              PID  Runtime      # DAGs    # Errors  Last Runtime    Last Run
-----------------------------------  -----  ---------  --------  ----------  --------------  ----------
/opt/airflow/dags/sales_pipeline.py    218  0.02s             0           0
================================================================================
[2026-04-23T15:35:22.694+0000] {manager.py:878} INFO - 
================================================================================
DAG File Processing Stats

File Path                            PID    Runtime      # DAGs    # Errors  Last Runtime    Last Run
-----------------------------------  -----  ---------  --------  ----------  --------------  -------------------
/opt/airflow/dags/sales_pipeline.py                           1           0  0.31s           2026-04-23T15:34:52
================================================================================
[2026-04-23T15:35:53.359+0000] {manager.py:878} INFO - 
================================================================================
DAG File Processing Stats

File Path                            PID    Runtime      # DAGs    # Errors  Last Runtime    Last Run
-----------------------------------  -----  ---------  --------  ----------  --------------  -------------------
/opt/airflow/dags/sales_pipeline.py                           1           0  0.40s           2026-04-23T15:35:23
================================================================================
[2026-04-23T15:36:23.929+0000] {manager.py:878} INFO - 
================================================================================
DAG File Processing Stats

File Path                            PID    Runtime      # DAGs    # Errors  Last Runtime    Last Run
-----------------------------------  -----  ---------  --------  ----------  --------------  -------------------
/opt/airflow/dags/sales_pipeline.py                           1           0  0.39s           2026-04-23T15:35:54
================================================================================
[2026-04-23T15:36:53.965+0000] {manager.py:878} INFO - 
================================================================================
DAG File Processing Stats

File Path                            PID    Runtime      # DAGs    # Errors  Last Runtime    Last Run
-----------------------------------  -----  ---------  --------  ----------  --------------  -------------------
/opt/airflow/dags/sales_pipeline.py                           1           0  0.43s           2026-04-23T15:36:24
================================================================================
[2026-04-23T15:37:24.431+0000] {manager.py:878} INFO - 
================================================================================
DAG File Processing Stats

File Path                            PID    Runtime      # DAGs    # Errors  Last Runtime    Last Run
-----------------------------------  -----  ---------  --------  ----------  --------------  -------------------
/opt/airflow/dags/sales_pipeline.py                           1           0  0.18s           2026-04-23T15:36:55
================================================================================
[2026-04-23T15:37:54.815+0000] {manager.py:878} INFO - 
================================================================================
DAG File Processing Stats

File Path                            PID    Runtime      # DAGs    # Errors  Last Runtime    Last Run
-----------------------------------  -----  ---------  --------  ----------  --------------  -------------------
/opt/airflow/dags/sales_pipeline.py                           1           0  0.20s           2026-04-23T15:37:25
================================================================================
[2026-04-23T15:38:25.115+0000] {manager.py:878} INFO - 
================================================================================
DAG File Processing Stats

File Path                            PID    Runtime      # DAGs    # Errors  Last Runtime    Last Run
-----------------------------------  -----  ---------  --------  ----------  --------------  -------------------
/opt/airflow/dags/sales_pipeline.py                           1           0  0.22s           2026-04-23T15:37:56
================================================================================
[2026-04-23T15:38:55.541+0000] {manager.py:878} INFO - 
================================================================================
DAG File Processing Stats

File Path                            PID    Runtime      # DAGs    # Errors  Last Runtime    Last Run
-----------------------------------  -----  ---------  --------  ----------  --------------  -------------------
/opt/airflow/dags/sales_pipeline.py                           1           0  0.24s           2026-04-23T15:38:26
================================================================================
[2026-04-23T15:39:25.767+0000] {manager.py:878} INFO - 
================================================================================
DAG File Processing Stats

File Path                            PID    Runtime      # DAGs    # Errors  Last Runtime    Last Run
-----------------------------------  -----  ---------  --------  ----------  --------------  -------------------
/opt/airflow/dags/sales_pipeline.py                           1           0  0.24s           2026-04-23T15:38:56
================================================================================
[2026-04-23T15:39:52.459+0000] {manager.py:737} INFO - Searching for files in /opt/airflow/dags
[2026-04-23T15:39:52.468+0000] {manager.py:740} INFO - There are 1 files in /opt/airflow/dags
[2026-04-23T15:39:56.264+0000] {manager.py:878} INFO - 
================================================================================
DAG File Processing Stats

File Path                            PID    Runtime      # DAGs    # Errors  Last Runtime    Last Run
-----------------------------------  -----  ---------  --------  ----------  --------------  -------------------
/opt/airflow/dags/sales_pipeline.py                           1           0  0.25s           2026-04-23T15:39:27
================================================================================
[2026-04-23T15:40:26.755+0000] {manager.py:878} INFO - 
================================================================================
DAG File Processing Stats

File Path                            PID    Runtime      # DAGs    # Errors  Last Runtime    Last Run
-----------------------------------  -----  ---------  --------  ----------  --------------  -------------------
/opt/airflow/dags/sales_pipeline.py                           1           0  0.21s           2026-04-23T15:39:57
================================================================================
[2026-04-23T15:40:57.219+0000] {manager.py:878} INFO - 
================================================================================
DAG File Processing Stats

File Path                            PID    Runtime      # DAGs    # Errors  Last Runtime    Last Run
-----------------------------------  -----  ---------  --------  ----------  --------------  -------------------
/opt/airflow/dags/sales_pipeline.py                           1           0  0.24s           2026-04-23T15:40:28
================================================================================
[2026-04-23T15:41:27.512+0000] {manager.py:878} INFO - 
================================================================================
DAG File Processing Stats

File Path                            PID    Runtime      # DAGs    # Errors  Last Runtime    Last Run
-----------------------------------  -----  ---------  --------  ----------  --------------  -------------------
/opt/airflow/dags/sales_pipeline.py                           1           0  0.29s           2026-04-23T15:40:58
================================================================================
[2026-04-23T15:41:58.031+0000] {manager.py:878} INFO - 
================================================================================
DAG File Processing Stats

File Path                            PID    Runtime      # DAGs    # Errors  Last Runtime    Last Run
-----------------------------------  -----  ---------  --------  ----------  --------------  -------------------
/opt/airflow/dags/sales_pipeline.py                           1           0  0.29s           2026-04-23T15:41:29
================================================================================
[2026-04-23T15:43:09.340+0000] {manager.py:470} INFO - Processing files using up to 2 processes at a time 
[2026-04-23T15:43:09.341+0000] {manager.py:471} INFO - Process each file at most once every 30 seconds
[2026-04-23T15:43:09.341+0000] {manager.py:472} INFO - Checking for new files in /opt/airflow/dags every 300 seconds
[2026-04-23T15:43:09.341+0000] {manager.py:737} INFO - Searching for files in /opt/airflow/dags
[2026-04-23T15:43:09.343+0000] {manager.py:740} INFO - There are 1 files in /opt/airflow/dags
[2026-04-23T15:43:09.393+0000] {manager.py:878} INFO - 
================================================================================
DAG File Processing Stats

File Path                              PID  Runtime      # DAGs    # Errors  Last Runtime    Last Run
-----------------------------------  -----  ---------  --------  ----------  --------------  ----------
/opt/airflow/dags/sales_pipeline.py    227  0.03s             0           0
================================================================================
[2026-04-23T15:43:39.588+0000] {manager.py:878} INFO - 
================================================================================
DAG File Processing Stats

File Path                            PID    Runtime      # DAGs    # Errors  Last Runtime    Last Run
-----------------------------------  -----  ---------  --------  ----------  --------------  -------------------
/opt/airflow/dags/sales_pipeline.py                           1           0  0.30s           2026-04-23T15:43:09
================================================================================
[2026-04-23T15:44:10.125+0000] {manager.py:878} INFO - 
================================================================================
DAG File Processing Stats

File Path                            PID    Runtime      # DAGs    # Errors  Last Runtime    Last Run
-----------------------------------  -----  ---------  --------  ----------  --------------  -------------------
/opt/airflow/dags/sales_pipeline.py                           1           0  0.46s           2026-04-23T15:43:40
================================================================================
[2026-04-23T15:44:40.156+0000] {manager.py:878} INFO - 
================================================================================
DAG File Processing Stats

File Path                            PID    Runtime      # DAGs    # Errors  Last Runtime    Last Run
-----------------------------------  -----  ---------  --------  ----------  --------------  -------------------
/opt/airflow/dags/sales_pipeline.py                           1           0  0.37s           2026-04-23T15:44:10
================================================================================
[2026-04-23T15:45:10.452+0000] {manager.py:878} INFO - 
================================================================================
DAG File Processing Stats

File Path                            PID    Runtime      # DAGs    # Errors  Last Runtime    Last Run
-----------------------------------  -----  ---------  --------  ----------  --------------  -------------------
/opt/airflow/dags/sales_pipeline.py                           1           0  0.39s           2026-04-23T15:44:41
================================================================================
[2026-04-23T15:45:40.494+0000] {manager.py:878} INFO - 
================================================================================
DAG File Processing Stats

File Path                            PID    Runtime      # DAGs    # Errors  Last Runtime    Last Run
-----------------------------------  -----  ---------  --------  ----------  --------------  -------------------
/opt/airflow/dags/sales_pipeline.py                           1           0  0.19s           2026-04-23T15:45:12
================================================================================
[2026-04-23T15:46:10.858+0000] {manager.py:878} INFO - 
================================================================================
DAG File Processing Stats

File Path                            PID    Runtime      # DAGs    # Errors  Last Runtime    Last Run
-----------------------------------  -----  ---------  --------  ----------  --------------  -------------------
/opt/airflow/dags/sales_pipeline.py                           1           0  0.26s           2026-04-23T15:45:42
================================================================================
[2026-04-23T15:46:41.070+0000] {manager.py:878} INFO - 
================================================================================
DAG File Processing Stats

File Path                            PID    Runtime      # DAGs    # Errors  Last Runtime    Last Run
-----------------------------------  -----  ---------  --------  ----------  --------------  -------------------
/opt/airflow/dags/sales_pipeline.py                           1           0  0.20s           2026-04-23T15:46:13
================================================================================
[2026-04-23T15:47:11.487+0000] {manager.py:878} INFO - 
================================================================================
DAG File Processing Stats

File Path                            PID    Runtime      # DAGs    # Errors  Last Runtime    Last Run
-----------------------------------  -----  ---------  --------  ----------  --------------  -------------------
/opt/airflow/dags/sales_pipeline.py                           1           0  0.18s           2026-04-23T15:46:43
================================================================================
[2026-04-23T15:47:41.707+0000] {manager.py:878} INFO - 
================================================================================
DAG File Processing Stats

File Path                            PID    Runtime      # DAGs    # Errors  Last Runtime    Last Run
-----------------------------------  -----  ---------  --------  ----------  --------------  -------------------
/opt/airflow/dags/sales_pipeline.py                           1           0  0.26s           2026-04-23T15:47:13
================================================================================
[2026-04-23T15:48:09.427+0000] {manager.py:737} INFO - Searching for files in /opt/airflow/dags
[2026-04-23T15:48:09.437+0000] {manager.py:740} INFO - There are 1 files in /opt/airflow/dags
[2026-04-23T15:48:12.285+0000] {manager.py:878} INFO - 
================================================================================
DAG File Processing Stats

File Path                            PID    Runtime      # DAGs    # Errors  Last Runtime    Last Run
-----------------------------------  -----  ---------  --------  ----------  --------------  -------------------
/opt/airflow/dags/sales_pipeline.py                           1           0  0.23s           2026-04-23T15:47:44
================================================================================
[2026-04-23T15:48:42.715+0000] {manager.py:878} INFO - 
================================================================================
DAG File Processing Stats

File Path                            PID    Runtime      # DAGs    # Errors  Last Runtime    Last Run
-----------------------------------  -----  ---------  --------  ----------  --------------  -------------------
/opt/airflow/dags/sales_pipeline.py                           1           0  0.36s           2026-04-23T15:48:14
================================================================================
[2026-04-23T15:49:13.110+0000] {manager.py:878} INFO - 
================================================================================
DAG File Processing Stats

File Path                            PID    Runtime      # DAGs    # Errors  Last Runtime    Last Run
-----------------------------------  -----  ---------  --------  ----------  --------------  -------------------
/opt/airflow/dags/sales_pipeline.py                           1           0  0.24s           2026-04-23T15:48:44
================================================================================
[2026-04-23T15:49:43.369+0000] {manager.py:878} INFO - 
================================================================================
DAG File Processing Stats

File Path                            PID    Runtime      # DAGs    # Errors  Last Runtime    Last Run
-----------------------------------  -----  ---------  --------  ----------  --------------  -------------------
/opt/airflow/dags/sales_pipeline.py                           1           0  0.26s           2026-04-23T15:49:15
================================================================================
[2026-04-23T15:50:13.832+0000] {manager.py:878} INFO - 
================================================================================
DAG File Processing Stats

File Path                            PID    Runtime      # DAGs    # Errors  Last Runtime    Last Run
-----------------------------------  -----  ---------  --------  ----------  --------------  -------------------
/opt/airflow/dags/sales_pipeline.py                           1           0  0.26s           2026-04-23T15:49:45
================================================================================
[2026-04-23T15:50:44.121+0000] {manager.py:878} INFO - 
================================================================================
DAG File Processing Stats

File Path                            PID    Runtime      # DAGs    # Errors  Last Runtime    Last Run
-----------------------------------  -----  ---------  --------  ----------  --------------  -------------------
/opt/airflow/dags/sales_pipeline.py                           1           0  0.29s           2026-04-23T15:50:16
================================================================================
[2026-04-23T15:51:14.695+0000] {manager.py:878} INFO - 
================================================================================
DAG File Processing Stats

File Path                            PID    Runtime      # DAGs    # Errors  Last Runtime    Last Run
-----------------------------------  -----  ---------  --------  ----------  --------------  -------------------
/opt/airflow/dags/sales_pipeline.py                           1           0  0.23s           2026-04-23T15:50:46
================================================================================
[2026-04-23T15:51:45.100+0000] {manager.py:878} INFO - 
================================================================================
DAG File Processing Stats

File Path                            PID    Runtime      # DAGs    # Errors  Last Runtime    Last Run
-----------------------------------  -----  ---------  --------  ----------  --------------  -------------------
/opt/airflow/dags/sales_pipeline.py                           1           0  0.25s           2026-04-23T15:51:16
================================================================================
[2026-04-23T15:52:15.449+0000] {manager.py:878} INFO - 
================================================================================
DAG File Processing Stats

File Path                            PID    Runtime      # DAGs    # Errors  Last Runtime    Last Run
-----------------------------------  -----  ---------  --------  ----------  --------------  -------------------
/opt/airflow/dags/sales_pipeline.py                           1           0  0.25s           2026-04-23T15:51:47
================================================================================
[2026-04-23T15:52:45.857+0000] {manager.py:878} INFO - 
================================================================================
DAG File Processing Stats

File Path                            PID    Runtime      # DAGs    # Errors  Last Runtime    Last Run
-----------------------------------  -----  ---------  --------  ----------  --------------  -------------------
/opt/airflow/dags/sales_pipeline.py                           1           0  0.27s           2026-04-23T15:52:17
================================================================================
[2026-04-23T15:53:10.091+0000] {manager.py:737} INFO - Searching for files in /opt/airflow/dags
[2026-04-23T15:53:10.106+0000] {manager.py:740} INFO - There are 1 files in /opt/airflow/dags
[2026-04-23T15:53:16.179+0000] {manager.py:878} INFO - 
================================================================================
DAG File Processing Stats

File Path                            PID    Runtime      # DAGs    # Errors  Last Runtime    Last Run
-----------------------------------  -----  ---------  --------  ----------  --------------  -------------------
/opt/airflow/dags/sales_pipeline.py                           1           0  0.28s           2026-04-23T15:52:48
================================================================================
[2026-04-23T15:53:46.577+0000] {manager.py:878} INFO - 
================================================================================
DAG File Processing Stats

File Path                            PID    Runtime      # DAGs    # Errors  Last Runtime    Last Run
-----------------------------------  -----  ---------  --------  ----------  --------------  -------------------
/opt/airflow/dags/sales_pipeline.py                           1           0  0.25s           2026-04-23T15:53:18
================================================================================
[2026-04-23T15:54:16.795+0000] {manager.py:878} INFO - 
================================================================================
DAG File Processing Stats

File Path                            PID    Runtime      # DAGs    # Errors  Last Runtime    Last Run
-----------------------------------  -----  ---------  --------  ----------  --------------  -------------------
/opt/airflow/dags/sales_pipeline.py                           1           0  0.26s           2026-04-23T15:53:48
================================================================================
[2026-04-23T15:54:47.119+0000] {manager.py:878} INFO - 
================================================================================
DAG File Processing Stats

File Path                            PID    Runtime      # DAGs    # Errors  Last Runtime    Last Run
-----------------------------------  -----  ---------  --------  ----------  --------------  -------------------
/opt/airflow/dags/sales_pipeline.py                           1           0  0.31s           2026-04-23T15:54:19
================================================================================
[2026-04-23T15:55:17.731+0000] {manager.py:878} INFO - 
================================================================================
DAG File Processing Stats

File Path                            PID    Runtime      # DAGs    # Errors  Last Runtime    Last Run
-----------------------------------  -----  ---------  --------  ----------  --------------  -------------------
/opt/airflow/dags/sales_pipeline.py                           1           0  0.25s           2026-04-23T15:54:49
================================================================================
[2026-04-23T15:55:47.953+0000] {manager.py:878} INFO - 
================================================================================
DAG File Processing Stats

File Path                            PID    Runtime      # DAGs    # Errors  Last Runtime    Last Run
-----------------------------------  -----  ---------  --------  ----------  --------------  -------------------
/opt/airflow/dags/sales_pipeline.py                           1           0  0.31s           2026-04-23T15:55:20
================================================================================
[2026-04-23T15:56:18.310+0000] {manager.py:878} INFO - 
================================================================================
DAG File Processing Stats

File Path                            PID    Runtime      # DAGs    # Errors  Last Runtime    Last Run
-----------------------------------  -----  ---------  --------  ----------  --------------  -------------------
/opt/airflow/dags/sales_pipeline.py                           1           0  0.27s           2026-04-23T15:55:50
================================================================================
[2026-04-23T15:56:48.706+0000] {manager.py:878} INFO - 
================================================================================
DAG File Processing Stats

File Path                            PID    Runtime      # DAGs    # Errors  Last Runtime    Last Run
-----------------------------------  -----  ---------  --------  ----------  --------------  -------------------
/opt/airflow/dags/sales_pipeline.py                           1           0  0.22s           2026-04-23T15:56:20
================================================================================
[2026-04-23T15:57:19.038+0000] {manager.py:878} INFO - 
================================================================================
DAG File Processing Stats

File Path                            PID    Runtime      # DAGs    # Errors  Last Runtime    Last Run
-----------------------------------  -----  ---------  --------  ----------  --------------  -------------------
/opt/airflow/dags/sales_pipeline.py                           1           0  0.20s           2026-04-23T15:56:51
================================================================================
[2026-04-23T15:57:45.543+0000] {manager.py:470} INFO - Processing files using up to 2 processes at a time 
[2026-04-23T15:57:45.544+0000] {manager.py:471} INFO - Process each file at most once every 30 seconds
[2026-04-23T15:57:45.545+0000] {manager.py:472} INFO - Checking for new files in /opt/airflow/dags every 300 seconds
[2026-04-23T15:57:45.546+0000] {manager.py:737} INFO - Searching for files in /opt/airflow/dags
[2026-04-23T15:57:45.550+0000] {manager.py:740} INFO - There are 1 files in /opt/airflow/dags
[2026-04-23T15:57:45.617+0000] {manager.py:878} INFO - 
================================================================================
DAG File Processing Stats

File Path                              PID  Runtime      # DAGs    # Errors  Last Runtime    Last Run
-----------------------------------  -----  ---------  --------  ----------  --------------  ----------
/opt/airflow/dags/sales_pipeline.py    208  0.04s             0           0
================================================================================
[2026-04-23T15:58:15.852+0000] {manager.py:878} INFO - 
================================================================================
DAG File Processing Stats

File Path                            PID    Runtime      # DAGs    # Errors  Last Runtime    Last Run
-----------------------------------  -----  ---------  --------  ----------  --------------  -------------------
/opt/airflow/dags/sales_pipeline.py                           1           0  0.32s           2026-04-23T15:57:45
================================================================================
[2026-04-23T15:58:46.330+0000] {manager.py:878} INFO - 
================================================================================
DAG File Processing Stats

File Path                            PID    Runtime      # DAGs    # Errors  Last Runtime    Last Run
-----------------------------------  -----  ---------  --------  ----------  --------------  -------------------
/opt/airflow/dags/sales_pipeline.py                           1           0  0.38s           2026-04-23T15:58:16
================================================================================
[2026-04-23T15:59:16.974+0000] {manager.py:878} INFO - 
================================================================================
DAG File Processing Stats

File Path                            PID    Runtime      # DAGs    # Errors  Last Runtime    Last Run
-----------------------------------  -----  ---------  --------  ----------  --------------  -------------------
/opt/airflow/dags/sales_pipeline.py                           1           0  0.30s           2026-04-23T15:58:47
================================================================================
[2026-04-23T15:59:47.483+0000] {manager.py:878} INFO - 
================================================================================
DAG File Processing Stats

File Path                            PID    Runtime      # DAGs    # Errors  Last Runtime    Last Run
-----------------------------------  -----  ---------  --------  ----------  --------------  -------------------
/opt/airflow/dags/sales_pipeline.py                           1           0  0.32s           2026-04-23T15:59:17
================================================================================
[2026-04-23T16:00:18.030+0000] {manager.py:878} INFO - 
================================================================================
DAG File Processing Stats

File Path                              PID  Runtime      # DAGs    # Errors  Last Runtime    Last Run
-----------------------------------  -----  ---------  --------  ----------  --------------  -------------------
/opt/airflow/dags/sales_pipeline.py    328  0.01s             1           0  0.15s           2026-04-23T15:59:47
================================================================================
[2026-04-23T16:00:48.351+0000] {manager.py:878} INFO - 
================================================================================
DAG File Processing Stats

File Path                              PID  Runtime      # DAGs    # Errors  Last Runtime    Last Run
-----------------------------------  -----  ---------  --------  ----------  --------------  -------------------
/opt/airflow/dags/sales_pipeline.py    373  0.01s             1           0  0.21s           2026-04-23T16:00:18
================================================================================
[2026-04-23T16:01:18.654+0000] {manager.py:878} INFO - 
================================================================================
DAG File Processing Stats

File Path                              PID  Runtime      # DAGs    # Errors  Last Runtime    Last Run
-----------------------------------  -----  ---------  --------  ----------  --------------  -------------------
/opt/airflow/dags/sales_pipeline.py    415  0.00s             1           0  0.19s           2026-04-23T16:00:48
================================================================================
[2026-04-23T16:01:49.137+0000] {manager.py:878} INFO - 
================================================================================
DAG File Processing Stats

File Path                              PID  Runtime      # DAGs    # Errors  Last Runtime    Last Run
-----------------------------------  -----  ---------  --------  ----------  --------------  -------------------
/opt/airflow/dags/sales_pipeline.py    451  0.01s             1           0  0.22s           2026-04-23T16:01:18
================================================================================
[2026-04-23T16:02:19.349+0000] {manager.py:878} INFO - 
================================================================================
DAG File Processing Stats

File Path                            PID    Runtime      # DAGs    # Errors  Last Runtime    Last Run
-----------------------------------  -----  ---------  --------  ----------  --------------  -------------------
/opt/airflow/dags/sales_pipeline.py                           1           0  0.28s           2026-04-23T16:01:49
================================================================================
[2026-04-23T16:02:45.822+0000] {manager.py:737} INFO - Searching for files in /opt/airflow/dags
[2026-04-23T16:02:45.828+0000] {manager.py:740} INFO - There are 1 files in /opt/airflow/dags
[2026-04-23T16:02:49.876+0000] {manager.py:878} INFO - 
================================================================================
DAG File Processing Stats

File Path                              PID  Runtime      # DAGs    # Errors  Last Runtime    Last Run
-----------------------------------  -----  ---------  --------  ----------  --------------  -------------------
/opt/airflow/dags/sales_pipeline.py    536  0.00s             1           0  0.21s           2026-04-23T16:02:19
================================================================================
[2026-04-23T16:03:20.334+0000] {manager.py:878} INFO - 
================================================================================
DAG File Processing Stats

File Path                              PID  Runtime      # DAGs    # Errors  Last Runtime    Last Run
-----------------------------------  -----  ---------  --------  ----------  --------------  -------------------
/opt/airflow/dags/sales_pipeline.py    572  0.03s             1           0  0.20s           2026-04-23T16:02:50
================================================================================
[2026-04-23T16:03:50.579+0000] {manager.py:878} INFO - 
================================================================================
DAG File Processing Stats

File Path                            PID    Runtime      # DAGs    # Errors  Last Runtime    Last Run
-----------------------------------  -----  ---------  --------  ----------  --------------  -------------------
/opt/airflow/dags/sales_pipeline.py                           1           0  0.30s           2026-04-23T16:03:20
================================================================================
[2026-04-23T16:04:21.046+0000] {manager.py:878} INFO - 
================================================================================
DAG File Processing Stats

File Path                            PID    Runtime      # DAGs    # Errors  Last Runtime    Last Run
-----------------------------------  -----  ---------  --------  ----------  --------------  -------------------
/opt/airflow/dags/sales_pipeline.py                           1           0  0.25s           2026-04-23T16:03:51
================================================================================
[2026-04-23T16:04:51.573+0000] {manager.py:878} INFO - 
================================================================================
DAG File Processing Stats

File Path                              PID  Runtime      # DAGs    # Errors  Last Runtime    Last Run
-----------------------------------  -----  ---------  --------  ----------  --------------  -------------------
/opt/airflow/dags/sales_pipeline.py    674  0.01s             1           0  0.24s           2026-04-23T16:04:21
================================================================================
[2026-04-23T16:05:22.054+0000] {manager.py:878} INFO - 
================================================================================
DAG File Processing Stats

File Path                              PID  Runtime      # DAGs    # Errors  Last Runtime    Last Run
-----------------------------------  -----  ---------  --------  ----------  --------------  -------------------
/opt/airflow/dags/sales_pipeline.py    686  0.01s             1           0  0.24s           2026-04-23T16:04:51
================================================================================
[2026-04-23T16:05:52.432+0000] {manager.py:878} INFO - 
================================================================================
DAG File Processing Stats

File Path                              PID  Runtime      # DAGs    # Errors  Last Runtime    Last Run
-----------------------------------  -----  ---------  --------  ----------  --------------  -------------------
/opt/airflow/dags/sales_pipeline.py    712  0.02s             1           0  0.30s           2026-04-23T16:05:22
================================================================================
[2026-04-23T16:06:24.412+0000] {manager.py:470} INFO - Processing files using up to 2 processes at a time 
[2026-04-23T16:06:24.413+0000] {manager.py:471} INFO - Process each file at most once every 30 seconds
[2026-04-23T16:06:24.414+0000] {manager.py:472} INFO - Checking for new files in /opt/airflow/dags every 300 seconds
[2026-04-23T16:06:24.414+0000] {manager.py:737} INFO - Searching for files in /opt/airflow/dags
[2026-04-23T16:06:24.416+0000] {manager.py:740} INFO - There are 1 files in /opt/airflow/dags
[2026-04-23T16:06:24.479+0000] {manager.py:878} INFO - 
================================================================================
DAG File Processing Stats

File Path                              PID  Runtime      # DAGs    # Errors  Last Runtime    Last Run
-----------------------------------  -----  ---------  --------  ----------  --------------  ----------
/opt/airflow/dags/sales_pipeline.py    209  0.03s             0           0
================================================================================
[2026-04-23T16:06:54.763+0000] {manager.py:878} INFO - 
================================================================================
DAG File Processing Stats

File Path                            PID    Runtime      # DAGs    # Errors  Last Runtime    Last Run
-----------------------------------  -----  ---------  --------  ----------  --------------  -------------------
/opt/airflow/dags/sales_pipeline.py                           1           0  0.35s           2026-04-23T16:06:24
================================================================================
[2026-04-23T16:07:25.346+0000] {manager.py:878} INFO - 
================================================================================
DAG File Processing Stats

File Path                            PID    Runtime      # DAGs    # Errors  Last Runtime    Last Run
-----------------------------------  -----  ---------  --------  ----------  --------------  -------------------
/opt/airflow/dags/sales_pipeline.py                           1           0  0.67s           2026-04-23T16:07:13
================================================================================
[2026-04-23T16:07:55.475+0000] {manager.py:878} INFO - 
================================================================================
DAG File Processing Stats

File Path                            PID    Runtime      # DAGs    # Errors  Last Runtime    Last Run
-----------------------------------  -----  ---------  --------  ----------  --------------  -------------------
/opt/airflow/dags/sales_pipeline.py                           1           0  2.55s           2026-04-23T16:07:46
================================================================================
[2026-04-23T16:08:26.239+0000] {manager.py:878} INFO - 
================================================================================
DAG File Processing Stats

File Path                            PID    Runtime      # DAGs    # Errors  Last Runtime    Last Run
-----------------------------------  -----  ---------  --------  ----------  --------------  -------------------
/opt/airflow/dags/sales_pipeline.py                           1           0  0.97s           2026-04-23T16:08:17
================================================================================
[2026-04-23T16:08:56.631+0000] {manager.py:878} INFO - 
================================================================================
DAG File Processing Stats

File Path                            PID    Runtime      # DAGs    # Errors  Last Runtime    Last Run
-----------------------------------  -----  ---------  --------  ----------  --------------  -------------------
/opt/airflow/dags/sales_pipeline.py                           1           0  0.97s           2026-04-23T16:08:49
================================================================================
[2026-04-23T16:09:27.151+0000] {manager.py:878} INFO - 
================================================================================
DAG File Processing Stats

File Path                            PID    Runtime      # DAGs    # Errors  Last Runtime    Last Run
-----------------------------------  -----  ---------  --------  ----------  --------------  -------------------
/opt/airflow/dags/sales_pipeline.py                           1           0  0.27s           2026-04-23T16:09:20
================================================================================
[2026-04-23T16:09:57.619+0000] {manager.py:878} INFO - 
================================================================================
DAG File Processing Stats

File Path                            PID    Runtime      # DAGs    # Errors  Last Runtime    Last Run
-----------------------------------  -----  ---------  --------  ----------  --------------  -------------------
/opt/airflow/dags/sales_pipeline.py                           1           0  0.16s           2026-04-23T16:09:50
================================================================================
[2026-04-23T16:10:27.985+0000] {manager.py:878} INFO - 
================================================================================
DAG File Processing Stats

File Path                            PID    Runtime      # DAGs    # Errors  Last Runtime    Last Run
-----------------------------------  -----  ---------  --------  ----------  --------------  -------------------
/opt/airflow/dags/sales_pipeline.py                           1           0  0.16s           2026-04-23T16:10:20
================================================================================
[2026-04-23T16:10:58.209+0000] {manager.py:878} INFO - 
================================================================================
DAG File Processing Stats

File Path                            PID    Runtime      # DAGs    # Errors  Last Runtime    Last Run
-----------------------------------  -----  ---------  --------  ----------  --------------  -------------------
/opt/airflow/dags/sales_pipeline.py                           1           0  0.21s           2026-04-23T16:10:51
================================================================================
[2026-04-23T16:11:24.540+0000] {manager.py:737} INFO - Searching for files in /opt/airflow/dags
[2026-04-23T16:11:24.544+0000] {manager.py:740} INFO - There are 1 files in /opt/airflow/dags
[2026-04-23T16:11:28.569+0000] {manager.py:878} INFO - 
================================================================================
DAG File Processing Stats

File Path                            PID    Runtime      # DAGs    # Errors  Last Runtime    Last Run
-----------------------------------  -----  ---------  --------  ----------  --------------  -------------------
/opt/airflow/dags/sales_pipeline.py                           1           0  0.17s           2026-04-23T16:11:21
================================================================================
[2026-04-23T16:11:58.752+0000] {manager.py:878} INFO - 
================================================================================
DAG File Processing Stats

File Path                            PID    Runtime      # DAGs    # Errors  Last Runtime    Last Run
-----------------------------------  -----  ---------  --------  ----------  --------------  -------------------
/opt/airflow/dags/sales_pipeline.py                           1           0  0.29s           2026-04-23T16:11:51
================================================================================
[2026-04-23T16:12:29.257+0000] {manager.py:878} INFO - 
================================================================================
DAG File Processing Stats

File Path                            PID    Runtime      # DAGs    # Errors  Last Runtime    Last Run
-----------------------------------  -----  ---------  --------  ----------  --------------  -------------------
/opt/airflow/dags/sales_pipeline.py                           1           0  0.19s           2026-04-23T16:12:22
================================================================================
[2026-04-23T16:12:59.632+0000] {manager.py:878} INFO - 
================================================================================
DAG File Processing Stats

File Path                            PID    Runtime      # DAGs    # Errors  Last Runtime    Last Run
-----------------------------------  -----  ---------  --------  ----------  --------------  -------------------
/opt/airflow/dags/sales_pipeline.py                           1           0  0.21s           2026-04-23T16:12:52
================================================================================
[2026-04-23T16:13:29.903+0000] {manager.py:878} INFO - 
================================================================================
DAG File Processing Stats

File Path                            PID    Runtime      # DAGs    # Errors  Last Runtime    Last Run
-----------------------------------  -----  ---------  --------  ----------  --------------  -------------------
/opt/airflow/dags/sales_pipeline.py                           1           0  0.25s           2026-04-23T16:13:23
================================================================================
[2026-04-23T16:14:00.396+0000] {manager.py:878} INFO - 
================================================================================
DAG File Processing Stats

File Path                            PID    Runtime      # DAGs    # Errors  Last Runtime    Last Run
-----------------------------------  -----  ---------  --------  ----------  --------------  -------------------
/opt/airflow/dags/sales_pipeline.py                           1           0  0.18s           2026-04-23T16:13:53
================================================================================
[2026-04-23T16:14:30.764+0000] {manager.py:878} INFO - 
================================================================================
DAG File Processing Stats

File Path                            PID    Runtime      # DAGs    # Errors  Last Runtime    Last Run
-----------------------------------  -----  ---------  --------  ----------  --------------  -------------------
/opt/airflow/dags/sales_pipeline.py                           1           0  0.20s           2026-04-23T16:14:23
================================================================================
[2026-04-23T16:15:01.072+0000] {manager.py:878} INFO - 
================================================================================
DAG File Processing Stats

File Path                            PID    Runtime      # DAGs    # Errors  Last Runtime    Last Run
-----------------------------------  -----  ---------  --------  ----------  --------------  -------------------
/opt/airflow/dags/sales_pipeline.py                           1           0  0.21s           2026-04-23T16:14:54
================================================================================
[2026-04-23T16:15:31.455+0000] {manager.py:878} INFO - 
================================================================================
DAG File Processing Stats

File Path                            PID    Runtime      # DAGs    # Errors  Last Runtime    Last Run
-----------------------------------  -----  ---------  --------  ----------  --------------  -------------------
/opt/airflow/dags/sales_pipeline.py                           1           0  0.19s           2026-04-23T16:15:24
================================================================================
[2026-04-23T16:16:01.715+0000] {manager.py:878} INFO - 
================================================================================
DAG File Processing Stats

File Path                            PID    Runtime      # DAGs    # Errors  Last Runtime    Last Run
-----------------------------------  -----  ---------  --------  ----------  --------------  -------------------
/opt/airflow/dags/sales_pipeline.py                           1           0  0.17s           2026-04-23T16:15:54
================================================================================
[2026-04-23T16:16:24.906+0000] {manager.py:737} INFO - Searching for files in /opt/airflow/dags
[2026-04-23T16:16:24.913+0000] {manager.py:740} INFO - There are 1 files in /opt/airflow/dags
[2026-04-23T16:16:32.125+0000] {manager.py:878} INFO - 
================================================================================
DAG File Processing Stats

File Path                            PID    Runtime      # DAGs    # Errors  Last Runtime    Last Run
-----------------------------------  -----  ---------  --------  ----------  --------------  -------------------
/opt/airflow/dags/sales_pipeline.py                           1           0  0.28s           2026-04-23T16:16:25
================================================================================
[2026-04-23T16:17:02.580+0000] {manager.py:878} INFO - 
================================================================================
DAG File Processing Stats

File Path                            PID    Runtime      # DAGs    # Errors  Last Runtime    Last Run
-----------------------------------  -----  ---------  --------  ----------  --------------  -------------------
/opt/airflow/dags/sales_pipeline.py                           1           0  0.21s           2026-04-23T16:16:55
================================================================================
[2026-04-23T16:17:32.872+0000] {manager.py:878} INFO - 
================================================================================
DAG File Processing Stats

File Path                            PID    Runtime      # DAGs    # Errors  Last Runtime    Last Run
-----------------------------------  -----  ---------  --------  ----------  --------------  -------------------
/opt/airflow/dags/sales_pipeline.py                           1           0  0.19s           2026-04-23T16:17:25
================================================================================
[2026-04-23T16:18:03.271+0000] {manager.py:878} INFO - 
================================================================================
DAG File Processing Stats

File Path                            PID    Runtime      # DAGs    # Errors  Last Runtime    Last Run
-----------------------------------  -----  ---------  --------  ----------  --------------  -------------------
/opt/airflow/dags/sales_pipeline.py                           1           0  0.18s           2026-04-23T16:17:56
================================================================================
[2026-04-23T16:18:33.555+0000] {manager.py:878} INFO - 
================================================================================
DAG File Processing Stats

File Path                            PID    Runtime      # DAGs    # Errors  Last Runtime    Last Run
-----------------------------------  -----  ---------  --------  ----------  --------------  -------------------
/opt/airflow/dags/sales_pipeline.py                           1           0  0.23s           2026-04-23T16:18:26
================================================================================
[2026-04-23T16:19:03.968+0000] {manager.py:878} INFO - 
================================================================================
DAG File Processing Stats

File Path                            PID    Runtime      # DAGs    # Errors  Last Runtime    Last Run
-----------------------------------  -----  ---------  --------  ----------  --------------  -------------------
/opt/airflow/dags/sales_pipeline.py                           1           0  0.17s           2026-04-23T16:18:56
================================================================================
[2026-04-23T16:19:34.279+0000] {manager.py:878} INFO - 
================================================================================
DAG File Processing Stats

File Path                            PID    Runtime      # DAGs    # Errors  Last Runtime    Last Run
-----------------------------------  -----  ---------  --------  ----------  --------------  -------------------
/opt/airflow/dags/sales_pipeline.py                           1           0  0.21s           2026-04-23T16:19:27
================================================================================
[2026-04-23T16:20:04.682+0000] {manager.py:878} INFO - 
================================================================================
DAG File Processing Stats

File Path                            PID    Runtime      # DAGs    # Errors  Last Runtime    Last Run
-----------------------------------  -----  ---------  --------  ----------  --------------  -------------------
/opt/airflow/dags/sales_pipeline.py                           1           0  0.18s           2026-04-23T16:19:57
================================================================================
[2026-04-23T16:20:34.944+0000] {manager.py:878} INFO - 
================================================================================
DAG File Processing Stats

File Path                            PID    Runtime      # DAGs    # Errors  Last Runtime    Last Run
-----------------------------------  -----  ---------  --------  ----------  --------------  -------------------
/opt/airflow/dags/sales_pipeline.py                           1           0  0.17s           2026-04-23T16:20:28
================================================================================
[2026-04-23T16:21:05.349+0000] {manager.py:878} INFO - 
================================================================================
DAG File Processing Stats

File Path                            PID    Runtime      # DAGs    # Errors  Last Runtime    Last Run
-----------------------------------  -----  ---------  --------  ----------  --------------  -------------------
/opt/airflow/dags/sales_pipeline.py                           1           0  0.21s           2026-04-23T16:20:58
================================================================================
[2026-04-23T16:21:25.538+0000] {manager.py:737} INFO - Searching for files in /opt/airflow/dags
[2026-04-23T16:21:25.544+0000] {manager.py:740} INFO - There are 1 files in /opt/airflow/dags
[2026-04-23T16:21:35.666+0000] {manager.py:878} INFO - 
================================================================================
DAG File Processing Stats

File Path                            PID    Runtime      # DAGs    # Errors  Last Runtime    Last Run
-----------------------------------  -----  ---------  --------  ----------  --------------  -------------------
/opt/airflow/dags/sales_pipeline.py                           1           0  0.19s           2026-04-23T16:21:28
================================================================================
[2026-04-23T16:22:06.155+0000] {manager.py:878} INFO - 
================================================================================
DAG File Processing Stats

File Path                            PID    Runtime      # DAGs    # Errors  Last Runtime    Last Run
-----------------------------------  -----  ---------  --------  ----------  --------------  -------------------
/opt/airflow/dags/sales_pipeline.py                           0           1  0.09s           2026-04-23T16:22:03
================================================================================
[2026-04-23T16:22:28.416+0000] {manager.py:470} INFO - Processing files using up to 2 processes at a time 
[2026-04-23T16:22:28.416+0000] {manager.py:471} INFO - Process each file at most once every 30 seconds
[2026-04-23T16:22:28.416+0000] {manager.py:472} INFO - Checking for new files in /opt/airflow/dags every 300 seconds
[2026-04-23T16:22:28.417+0000] {manager.py:737} INFO - Searching for files in /opt/airflow/dags
[2026-04-23T16:22:28.418+0000] {manager.py:740} INFO - There are 1 files in /opt/airflow/dags
[2026-04-23T16:22:28.457+0000] {manager.py:878} INFO - 
================================================================================
DAG File Processing Stats

File Path                              PID  Runtime      # DAGs    # Errors  Last Runtime    Last Run
-----------------------------------  -----  ---------  --------  ----------  --------------  ----------
/opt/airflow/dags/sales_pipeline.py    209  0.02s             0           0
================================================================================
[2026-04-23T16:22:58.652+0000] {manager.py:878} INFO - 
================================================================================
DAG File Processing Stats

File Path                            PID    Runtime      # DAGs    # Errors  Last Runtime    Last Run
-----------------------------------  -----  ---------  --------  ----------  --------------  -------------------
/opt/airflow/dags/sales_pipeline.py                           1           0  0.28s           2026-04-23T16:22:28
================================================================================
[2026-04-23T16:23:29.195+0000] {manager.py:878} INFO - 
================================================================================
DAG File Processing Stats

File Path                            PID    Runtime      # DAGs    # Errors  Last Runtime    Last Run
-----------------------------------  -----  ---------  --------  ----------  --------------  -------------------
/opt/airflow/dags/sales_pipeline.py                           1           0  0.27s           2026-04-23T16:22:59
================================================================================
[2026-04-23T16:23:59.666+0000] {manager.py:878} INFO - 
================================================================================
DAG File Processing Stats

File Path                            PID    Runtime      # DAGs    # Errors  Last Runtime    Last Run
-----------------------------------  -----  ---------  --------  ----------  --------------  -------------------
/opt/airflow/dags/sales_pipeline.py                           1           0  0.25s           2026-04-23T16:23:29
================================================================================
[2026-04-23T16:24:30.081+0000] {manager.py:878} INFO - 
================================================================================
DAG File Processing Stats

File Path                            PID    Runtime      # DAGs    # Errors  Last Runtime    Last Run
-----------------------------------  -----  ---------  --------  ----------  --------------  -------------------
/opt/airflow/dags/sales_pipeline.py                           1           0  0.26s           2026-04-23T16:24:00
================================================================================
[2026-04-23T16:25:00.537+0000] {manager.py:878} INFO - 
================================================================================
DAG File Processing Stats

File Path                            PID    Runtime      # DAGs    # Errors  Last Runtime    Last Run
-----------------------------------  -----  ---------  --------  ----------  --------------  -------------------
/opt/airflow/dags/sales_pipeline.py                           1           0  0.23s           2026-04-23T16:24:30
================================================================================
[2026-04-23T16:25:31.207+0000] {manager.py:878} INFO - 
================================================================================
DAG File Processing Stats

File Path                              PID  Runtime      # DAGs    # Errors  Last Runtime    Last Run
-----------------------------------  -----  ---------  --------  ----------  --------------  -------------------
/opt/airflow/dags/sales_pipeline.py    482  0.01s             1           0  0.24s           2026-04-23T16:25:00
================================================================================
[2026-04-23T16:26:01.454+0000] {manager.py:878} INFO - 
================================================================================
DAG File Processing Stats

File Path                              PID  Runtime      # DAGs    # Errors  Last Runtime    Last Run
-----------------------------------  -----  ---------  --------  ----------  --------------  -------------------
/opt/airflow/dags/sales_pipeline.py    529  0.01s             1           0  0.22s           2026-04-23T16:25:31
================================================================================
[2026-04-23T16:26:31.841+0000] {manager.py:878} INFO - 
================================================================================
DAG File Processing Stats

File Path                              PID  Runtime      # DAGs    # Errors  Last Runtime    Last Run
-----------------------------------  -----  ---------  --------  ----------  --------------  -------------------
/opt/airflow/dags/sales_pipeline.py    578  0.01s             1           0  0.30s           2026-04-23T16:26:01
================================================================================
[2026-04-23T16:27:02.223+0000] {manager.py:878} INFO - 
================================================================================
DAG File Processing Stats

File Path                              PID  Runtime      # DAGs    # Errors  Last Runtime    Last Run
-----------------------------------  -----  ---------  --------  ----------  --------------  -------------------
/opt/airflow/dags/sales_pipeline.py    632  0.01s             1           0  0.20s           2026-04-23T16:26:32
================================================================================
[2026-04-23T16:27:28.475+0000] {manager.py:737} INFO - Searching for files in /opt/airflow/dags
[2026-04-23T16:27:28.481+0000] {manager.py:740} INFO - There are 1 files in /opt/airflow/dags
[2026-04-23T16:27:32.550+0000] {manager.py:878} INFO - 
================================================================================
DAG File Processing Stats

File Path                              PID  Runtime      # DAGs    # Errors  Last Runtime    Last Run
-----------------------------------  -----  ---------  --------  ----------  --------------  -------------------
/opt/airflow/dags/sales_pipeline.py    638  0.01s             1           0  0.28s           2026-04-23T16:27:02
================================================================================
[2026-04-23T16:28:02.969+0000] {manager.py:878} INFO - 
================================================================================
DAG File Processing Stats

File Path                              PID  Runtime      # DAGs    # Errors  Last Runtime    Last Run
-----------------------------------  -----  ---------  --------  ----------  --------------  -------------------
/opt/airflow/dags/sales_pipeline.py    644  0.01s             1           0  0.32s           2026-04-23T16:27:32
================================================================================
[2026-04-23T16:28:33.353+0000] {manager.py:878} INFO - 
================================================================================
DAG File Processing Stats

File Path                              PID  Runtime      # DAGs    # Errors  Last Runtime    Last Run
-----------------------------------  -----  ---------  --------  ----------  --------------  -------------------
/opt/airflow/dags/sales_pipeline.py    693  0.01s             1           0  0.29s           2026-04-23T16:28:03
================================================================================
[2026-04-23T16:29:03.707+0000] {manager.py:878} INFO - 
================================================================================
DAG File Processing Stats

File Path                              PID  Runtime      # DAGs    # Errors  Last Runtime    Last Run
-----------------------------------  -----  ---------  --------  ----------  --------------  -------------------
/opt/airflow/dags/sales_pipeline.py    741  0.01s             1           0  0.27s           2026-04-23T16:28:33
================================================================================
[2026-04-23T16:29:34.044+0000] {manager.py:878} INFO - 
================================================================================
DAG File Processing Stats

File Path                              PID  Runtime      # DAGs    # Errors  Last Runtime    Last Run
-----------------------------------  -----  ---------  --------  ----------  --------------  -------------------
/opt/airflow/dags/sales_pipeline.py    796  0.00s             1           0  0.23s           2026-04-23T16:29:03
================================================================================
[2026-04-23T16:30:04.332+0000] {manager.py:878} INFO - 
================================================================================
DAG File Processing Stats

File Path                              PID  Runtime      # DAGs    # Errors  Last Runtime    Last Run
-----------------------------------  -----  ---------  --------  ----------  --------------  -------------------
/opt/airflow/dags/sales_pipeline.py    844  0.01s             1           0  0.17s           2026-04-23T16:29:34
================================================================================
[2026-04-23T16:30:34.637+0000] {manager.py:878} INFO - 
================================================================================
DAG File Processing Stats

File Path                              PID  Runtime      # DAGs    # Errors  Last Runtime    Last Run
-----------------------------------  -----  ---------  --------  ----------  --------------  -------------------
/opt/airflow/dags/sales_pipeline.py    892  0.01s             1           0  0.21s           2026-04-23T16:30:04
================================================================================
[2026-04-23T16:31:04.942+0000] {manager.py:878} INFO - 
================================================================================
DAG File Processing Stats

File Path                              PID  Runtime      # DAGs    # Errors  Last Runtime    Last Run
-----------------------------------  -----  ---------  --------  ----------  --------------  -------------------
/opt/airflow/dags/sales_pipeline.py    938  0.01s             1           0  0.26s           2026-04-23T16:30:34
================================================================================
[2026-04-23T16:31:35.304+0000] {manager.py:878} INFO - 
================================================================================
DAG File Processing Stats

File Path                              PID  Runtime      # DAGs    # Errors  Last Runtime    Last Run
-----------------------------------  -----  ---------  --------  ----------  --------------  -------------------
/opt/airflow/dags/sales_pipeline.py    974  0.01s             1           0  0.20s           2026-04-23T16:31:05
================================================================================
[2026-04-23T16:32:05.570+0000] {manager.py:878} INFO - 
================================================================================
DAG File Processing Stats

File Path                              PID  Runtime      # DAGs    # Errors  Last Runtime    Last Run
-----------------------------------  -----  ---------  --------  ----------  --------------  -------------------
/opt/airflow/dags/sales_pipeline.py    980  0.01s             1           0  0.19s           2026-04-23T16:31:35
================================================================================
[2026-04-23T16:32:28.833+0000] {manager.py:737} INFO - Searching for files in /opt/airflow/dags
[2026-04-23T16:32:28.841+0000] {manager.py:740} INFO - There are 1 files in /opt/airflow/dags
[2026-04-23T16:32:35.924+0000] {manager.py:878} INFO - 
================================================================================
DAG File Processing Stats

File Path                              PID  Runtime      # DAGs    # Errors  Last Runtime    Last Run
-----------------------------------  -----  ---------  --------  ----------  --------------  -------------------
/opt/airflow/dags/sales_pipeline.py    986  0.01s             1           0  0.18s           2026-04-23T16:32:05
================================================================================
[2026-04-23T16:33:06.166+0000] {manager.py:878} INFO - 
================================================================================
DAG File Processing Stats

File Path                              PID  Runtime      # DAGs    # Errors  Last Runtime    Last Run
-----------------------------------  -----  ---------  --------  ----------  --------------  -------------------
/opt/airflow/dags/sales_pipeline.py    992  0.00s             1           0  0.20s           2026-04-23T16:32:36
================================================================================
[2026-04-23T16:33:36.669+0000] {manager.py:878} INFO - 
================================================================================
DAG File Processing Stats

File Path                              PID  Runtime      # DAGs    # Errors  Last Runtime    Last Run
-----------------------------------  -----  ---------  --------  ----------  --------------  -------------------
/opt/airflow/dags/sales_pipeline.py    998  0.01s             1           0  0.18s           2026-04-23T16:33:06
================================================================================
[2026-04-23T16:34:06.896+0000] {manager.py:878} INFO - 
================================================================================
DAG File Processing Stats

File Path                            PID    Runtime      # DAGs    # Errors  Last Runtime    Last Run
-----------------------------------  -----  ---------  --------  ----------  --------------  -------------------
/opt/airflow/dags/sales_pipeline.py                           1           0  0.33s           2026-04-23T16:33:36
================================================================================
[2026-04-23T16:34:37.519+0000] {manager.py:878} INFO - 
================================================================================
DAG File Processing Stats

File Path                              PID  Runtime      # DAGs    # Errors  Last Runtime    Last Run
-----------------------------------  -----  ---------  --------  ----------  --------------  -------------------
/opt/airflow/dags/sales_pipeline.py   1010  0.01s             1           0  0.23s           2026-04-23T16:34:07
================================================================================
[2026-04-23T16:35:07.997+0000] {manager.py:878} INFO - 
================================================================================
DAG File Processing Stats

File Path                              PID  Runtime      # DAGs    # Errors  Last Runtime    Last Run
-----------------------------------  -----  ---------  --------  ----------  --------------  -------------------
/opt/airflow/dags/sales_pipeline.py   1016  0.01s             1           0  0.22s           2026-04-23T16:34:37
================================================================================
[2026-04-23T16:35:38.284+0000] {manager.py:878} INFO - 
================================================================================
DAG File Processing Stats

File Path                              PID  Runtime      # DAGs    # Errors  Last Runtime    Last Run
-----------------------------------  -----  ---------  --------  ----------  --------------  -------------------
/opt/airflow/dags/sales_pipeline.py   1022  0.02s             1           0  0.17s           2026-04-23T16:35:08
================================================================================
[2026-04-23T16:36:08.611+0000] {manager.py:878} INFO - 
================================================================================
DAG File Processing Stats

File Path                              PID  Runtime      # DAGs    # Errors  Last Runtime    Last Run
-----------------------------------  -----  ---------  --------  ----------  --------------  -------------------
/opt/airflow/dags/sales_pipeline.py   1028  0.01s             1           0  0.23s           2026-04-23T16:35:38
================================================================================
[2026-04-23T16:36:39.034+0000] {manager.py:878} INFO - 
================================================================================
DAG File Processing Stats

File Path                              PID  Runtime      # DAGs    # Errors  Last Runtime    Last Run
-----------------------------------  -----  ---------  --------  ----------  --------------  -------------------
/opt/airflow/dags/sales_pipeline.py   1034  0.01s             1           0  0.18s           2026-04-23T16:36:08
================================================================================
[2026-04-23T16:37:09.502+0000] {manager.py:878} INFO - 
================================================================================
DAG File Processing Stats

File Path                            PID    Runtime      # DAGs    # Errors  Last Runtime    Last Run
-----------------------------------  -----  ---------  --------  ----------  --------------  -------------------
/opt/airflow/dags/sales_pipeline.py                           1           0  0.28s           2026-04-23T16:36:59
================================================================================
[2026-04-23T16:37:29.683+0000] {manager.py:737} INFO - Searching for files in /opt/airflow/dags
[2026-04-23T16:37:29.689+0000] {manager.py:740} INFO - There are 1 files in /opt/airflow/dags
[2026-04-23T16:37:39.816+0000] {manager.py:878} INFO - 
================================================================================
DAG File Processing Stats

File Path                            PID    Runtime      # DAGs    # Errors  Last Runtime    Last Run
-----------------------------------  -----  ---------  --------  ----------  --------------  -------------------
/opt/airflow/dags/sales_pipeline.py                           1           0  0.24s           2026-04-23T16:37:29
================================================================================
[2026-04-23T16:38:10.257+0000] {manager.py:878} INFO - 
================================================================================
DAG File Processing Stats

File Path                            PID    Runtime      # DAGs    # Errors  Last Runtime    Last Run
-----------------------------------  -----  ---------  --------  ----------  --------------  -------------------
/opt/airflow/dags/sales_pipeline.py                           1           0  0.24s           2026-04-23T16:38:00
================================================================================
[2026-04-23T16:38:40.556+0000] {manager.py:878} INFO - 
================================================================================
DAG File Processing Stats

File Path                            PID    Runtime      # DAGs    # Errors  Last Runtime    Last Run
-----------------------------------  -----  ---------  --------  ----------  --------------  -------------------
/opt/airflow/dags/sales_pipeline.py                           1           0  0.24s           2026-04-23T16:38:30
================================================================================
[2026-04-23T16:38:53.051+0000] {manager.py:470} INFO - Processing files using up to 2 processes at a time 
[2026-04-23T16:38:53.051+0000] {manager.py:471} INFO - Process each file at most once every 30 seconds
[2026-04-23T16:38:53.051+0000] {manager.py:472} INFO - Checking for new files in /opt/airflow/dags every 300 seconds
[2026-04-23T16:38:53.051+0000] {manager.py:737} INFO - Searching for files in /opt/airflow/dags
[2026-04-23T16:38:53.053+0000] {manager.py:740} INFO - There are 1 files in /opt/airflow/dags
[2026-04-23T16:38:53.097+0000] {manager.py:878} INFO - 
================================================================================
DAG File Processing Stats

File Path                              PID  Runtime      # DAGs    # Errors  Last Runtime    Last Run
-----------------------------------  -----  ---------  --------  ----------  --------------  ----------
/opt/airflow/dags/sales_pipeline.py    209  0.02s             0           0
================================================================================
[2026-04-23T16:39:23.285+0000] {manager.py:878} INFO - 
================================================================================
DAG File Processing Stats

File Path                            PID    Runtime      # DAGs    # Errors  Last Runtime    Last Run
-----------------------------------  -----  ---------  --------  ----------  --------------  -------------------
/opt/airflow/dags/sales_pipeline.py                           1           0  0.26s           2026-04-23T16:38:53
================================================================================
[2026-04-23T16:39:53.826+0000] {manager.py:878} INFO - 
================================================================================
DAG File Processing Stats

File Path                              PID  Runtime      # DAGs    # Errors  Last Runtime    Last Run
-----------------------------------  -----  ---------  --------  ----------  --------------  -------------------
/opt/airflow/dags/sales_pipeline.py    268  0.01s             1           0  0.26s           2026-04-23T16:39:23
================================================================================
[2026-04-23T16:40:24.360+0000] {manager.py:878} INFO - 
================================================================================
DAG File Processing Stats

File Path                              PID  Runtime      # DAGs    # Errors  Last Runtime    Last Run
-----------------------------------  -----  ---------  --------  ----------  --------------  -------------------
/opt/airflow/dags/sales_pipeline.py    274  0.01s             1           0  0.38s           2026-04-23T16:39:54
================================================================================
[2026-04-23T16:40:54.765+0000] {manager.py:878} INFO - 
================================================================================
DAG File Processing Stats

File Path                              PID  Runtime      # DAGs    # Errors  Last Runtime    Last Run
-----------------------------------  -----  ---------  --------  ----------  --------------  -------------------
/opt/airflow/dags/sales_pipeline.py    280  0.01s             1           0  0.36s           2026-04-23T16:40:24
================================================================================
[2026-04-23T16:41:25.214+0000] {manager.py:878} INFO - 
================================================================================
DAG File Processing Stats

File Path                              PID  Runtime      # DAGs    # Errors  Last Runtime    Last Run
-----------------------------------  -----  ---------  --------  ----------  --------------  -------------------
/opt/airflow/dags/sales_pipeline.py    286  0.01s             1           0  0.40s           2026-04-23T16:40:55
================================================================================
[2026-04-23T16:41:55.695+0000] {manager.py:878} INFO - 
================================================================================
DAG File Processing Stats

File Path                              PID  Runtime      # DAGs    # Errors  Last Runtime    Last Run
-----------------------------------  -----  ---------  --------  ----------  --------------  -------------------
/opt/airflow/dags/sales_pipeline.py    292  0.01s             1           0  0.29s           2026-04-23T16:41:25
================================================================================
[2026-04-23T16:42:25.968+0000] {manager.py:878} INFO - 
================================================================================
DAG File Processing Stats

File Path                              PID  Runtime      # DAGs    # Errors  Last Runtime    Last Run
-----------------------------------  -----  ---------  --------  ----------  --------------  -------------------
/opt/airflow/dags/sales_pipeline.py    298  0.01s             1           0  0.19s           2026-04-23T16:41:55
================================================================================
[2026-04-23T16:42:56.340+0000] {manager.py:878} INFO - 
================================================================================
DAG File Processing Stats

File Path                              PID  Runtime      # DAGs    # Errors  Last Runtime    Last Run
-----------------------------------  -----  ---------  --------  ----------  --------------  -------------------
/opt/airflow/dags/sales_pipeline.py    304  0.01s             1           0  0.22s           2026-04-23T16:42:26
================================================================================
[2026-04-23T16:43:26.648+0000] {manager.py:878} INFO - 
================================================================================
DAG File Processing Stats

File Path                              PID  Runtime      # DAGs    # Errors  Last Runtime    Last Run
-----------------------------------  -----  ---------  --------  ----------  --------------  -------------------
/opt/airflow/dags/sales_pipeline.py    310  0.01s             1           0  0.21s           2026-04-23T16:42:56
================================================================================
[2026-04-23T16:43:54.015+0000] {manager.py:737} INFO - Searching for files in /opt/airflow/dags
[2026-04-23T16:43:54.027+0000] {manager.py:740} INFO - There are 1 files in /opt/airflow/dags
[2026-04-23T16:43:57.090+0000] {manager.py:878} INFO - 
================================================================================
DAG File Processing Stats

File Path                              PID  Runtime      # DAGs    # Errors  Last Runtime    Last Run
-----------------------------------  -----  ---------  --------  ----------  --------------  -------------------
/opt/airflow/dags/sales_pipeline.py    316  0.01s             1           0  0.18s           2026-04-23T16:43:26
================================================================================
[2026-04-23T16:44:27.353+0000] {manager.py:878} INFO - 
================================================================================
DAG File Processing Stats

File Path                              PID  Runtime      # DAGs    # Errors  Last Runtime    Last Run
-----------------------------------  -----  ---------  --------  ----------  --------------  -------------------
/opt/airflow/dags/sales_pipeline.py    322  0.01s             1           0  0.23s           2026-04-23T16:43:57
================================================================================
[2026-04-23T16:44:57.818+0000] {manager.py:878} INFO - 
================================================================================
DAG File Processing Stats

File Path                              PID  Runtime      # DAGs    # Errors  Last Runtime    Last Run
-----------------------------------  -----  ---------  --------  ----------  --------------  -------------------
/opt/airflow/dags/sales_pipeline.py    328  0.01s             1           0  0.20s           2026-04-23T16:44:27
================================================================================
[2026-04-23T16:45:28.102+0000] {manager.py:878} INFO - 
================================================================================
DAG File Processing Stats

File Path                              PID  Runtime      # DAGs    # Errors  Last Runtime    Last Run
-----------------------------------  -----  ---------  --------  ----------  --------------  -------------------
/opt/airflow/dags/sales_pipeline.py    334  0.01s             1           0  0.21s           2026-04-23T16:44:58
================================================================================
[2026-04-23T16:45:58.471+0000] {manager.py:878} INFO - 
================================================================================
DAG File Processing Stats

File Path                              PID  Runtime      # DAGs    # Errors  Last Runtime    Last Run
-----------------------------------  -----  ---------  --------  ----------  --------------  -------------------
/opt/airflow/dags/sales_pipeline.py    340  0.01s             1           0  0.20s           2026-04-23T16:45:28
================================================================================
[2026-04-23T16:46:28.765+0000] {manager.py:878} INFO - 
================================================================================
DAG File Processing Stats

File Path                              PID  Runtime      # DAGs    # Errors  Last Runtime    Last Run
-----------------------------------  -----  ---------  --------  ----------  --------------  -------------------
/opt/airflow/dags/sales_pipeline.py    346  0.01s             1           0  0.24s           2026-04-23T16:45:58
================================================================================
[2026-04-23T16:46:59.216+0000] {manager.py:878} INFO - 
================================================================================
DAG File Processing Stats

File Path                              PID  Runtime      # DAGs    # Errors  Last Runtime    Last Run
-----------------------------------  -----  ---------  --------  ----------  --------------  -------------------
/opt/airflow/dags/sales_pipeline.py    352  0.01s             1           0  0.21s           2026-04-23T16:46:28
================================================================================
[2026-04-23T16:47:37.537+0000] {manager.py:470} INFO - Processing files using up to 2 processes at a time 
[2026-04-23T16:47:37.538+0000] {manager.py:471} INFO - Process each file at most once every 30 seconds
[2026-04-23T16:47:37.538+0000] {manager.py:472} INFO - Checking for new files in /opt/airflow/dags every 300 seconds
[2026-04-23T16:47:37.538+0000] {manager.py:737} INFO - Searching for files in /opt/airflow/dags
[2026-04-23T16:47:37.541+0000] {manager.py:740} INFO - There are 1 files in /opt/airflow/dags
[2026-04-23T16:47:37.595+0000] {manager.py:878} INFO - 
================================================================================
DAG File Processing Stats

File Path                              PID  Runtime      # DAGs    # Errors  Last Runtime    Last Run
-----------------------------------  -----  ---------  --------  ----------  --------------  ----------
/opt/airflow/dags/sales_pipeline.py    208  0.03s             0           0
================================================================================
[2026-04-23T16:48:07.803+0000] {manager.py:878} INFO - 
================================================================================
DAG File Processing Stats

File Path                            PID    Runtime      # DAGs    # Errors  Last Runtime    Last Run
-----------------------------------  -----  ---------  --------  ----------  --------------  -------------------
/opt/airflow/dags/sales_pipeline.py                           1           0  0.29s           2026-04-23T16:47:37
================================================================================
[2026-04-23T16:48:38.234+0000] {manager.py:878} INFO - 
================================================================================
DAG File Processing Stats

File Path                            PID    Runtime      # DAGs    # Errors  Last Runtime    Last Run
-----------------------------------  -----  ---------  --------  ----------  --------------  -------------------
/opt/airflow/dags/sales_pipeline.py                           1           0  0.25s           2026-04-23T16:48:08
================================================================================
[2026-04-23T16:49:08.545+0000] {manager.py:878} INFO - 
================================================================================
DAG File Processing Stats

File Path                            PID    Runtime      # DAGs    # Errors  Last Runtime    Last Run
-----------------------------------  -----  ---------  --------  ----------  --------------  -------------------
/opt/airflow/dags/sales_pipeline.py                           1           0  0.31s           2026-04-23T16:48:38
================================================================================
[2026-04-23T16:49:39.040+0000] {manager.py:878} INFO - 
================================================================================
DAG File Processing Stats

File Path                            PID    Runtime      # DAGs    # Errors  Last Runtime    Last Run
-----------------------------------  -----  ---------  --------  ----------  --------------  -------------------
/opt/airflow/dags/sales_pipeline.py                           1           0  0.33s           2026-04-23T16:49:09
================================================================================
[2026-04-23T16:50:09.564+0000] {manager.py:878} INFO - 
================================================================================
DAG File Processing Stats

File Path                            PID    Runtime      # DAGs    # Errors  Last Runtime    Last Run
-----------------------------------  -----  ---------  --------  ----------  --------------  -------------------
/opt/airflow/dags/sales_pipeline.py                           1           0  0.34s           2026-04-23T16:49:39
================================================================================
[2026-04-23T16:50:40.371+0000] {manager.py:878} INFO - 
================================================================================
DAG File Processing Stats

File Path                              PID  Runtime      # DAGs    # Errors  Last Runtime    Last Run
-----------------------------------  -----  ---------  --------  ----------  --------------  -------------------
/opt/airflow/dags/sales_pipeline.py    589  0.01s             1           0  0.29s           2026-04-23T16:50:10
================================================================================
[2026-04-23T16:51:10.659+0000] {manager.py:878} INFO - 
================================================================================
DAG File Processing Stats

File Path                              PID  Runtime      # DAGs    # Errors  Last Runtime    Last Run
-----------------------------------  -----  ---------  --------  ----------  --------------  -------------------
/opt/airflow/dags/sales_pipeline.py    648  0.01s             1           0  0.23s           2026-04-23T16:50:40
================================================================================
[2026-04-23T16:51:41.012+0000] {manager.py:878} INFO - 
================================================================================
DAG File Processing Stats

File Path                              PID  Runtime      # DAGs    # Errors  Last Runtime    Last Run
-----------------------------------  -----  ---------  --------  ----------  --------------  -------------------
/opt/airflow/dags/sales_pipeline.py    707  0.01s             1           0  0.23s           2026-04-23T16:51:10
================================================================================
[2026-04-23T16:52:11.219+0000] {manager.py:878} INFO - 
================================================================================
DAG File Processing Stats

File Path                            PID    Runtime      # DAGs    # Errors  Last Runtime    Last Run
-----------------------------------  -----  ---------  --------  ----------  --------------  -------------------
/opt/airflow/dags/sales_pipeline.py                           1           0  0.26s           2026-04-23T16:51:41
================================================================================
[2026-04-23T16:52:37.601+0000] {manager.py:737} INFO - Searching for files in /opt/airflow/dags
[2026-04-23T16:52:37.604+0000] {manager.py:740} INFO - There are 1 files in /opt/airflow/dags
[2026-04-23T16:52:41.662+0000] {manager.py:878} INFO - 
================================================================================
DAG File Processing Stats

File Path                              PID  Runtime      # DAGs    # Errors  Last Runtime    Last Run
-----------------------------------  -----  ---------  --------  ----------  --------------  -------------------
/opt/airflow/dags/sales_pipeline.py    833  0.01s             1           0  0.16s           2026-04-23T16:52:11
================================================================================
[2026-04-23T16:53:11.923+0000] {manager.py:878} INFO - 
================================================================================
DAG File Processing Stats

File Path                              PID  Runtime      # DAGs    # Errors  Last Runtime    Last Run
-----------------------------------  -----  ---------  --------  ----------  --------------  -------------------
/opt/airflow/dags/sales_pipeline.py    897  0.00s             1           0  0.20s           2026-04-23T16:52:41
================================================================================
[2026-04-23T16:53:42.237+0000] {manager.py:878} INFO - 
================================================================================
DAG File Processing Stats

File Path                              PID  Runtime      # DAGs    # Errors  Last Runtime    Last Run
-----------------------------------  -----  ---------  --------  ----------  --------------  -------------------
/opt/airflow/dags/sales_pipeline.py    957  0.00s             1           0  0.17s           2026-04-23T16:53:12
================================================================================
[2026-04-23T16:54:12.477+0000] {manager.py:878} INFO - 
================================================================================
DAG File Processing Stats

File Path                              PID  Runtime      # DAGs    # Errors  Last Runtime    Last Run
-----------------------------------  -----  ---------  --------  ----------  --------------  -------------------
/opt/airflow/dags/sales_pipeline.py   1022  0.00s             1           0  0.15s           2026-04-23T16:53:42
================================================================================
[2026-04-23T16:54:42.757+0000] {manager.py:878} INFO - 
================================================================================
DAG File Processing Stats

File Path                              PID  Runtime      # DAGs    # Errors  Last Runtime    Last Run
-----------------------------------  -----  ---------  --------  ----------  --------------  -------------------
/opt/airflow/dags/sales_pipeline.py   1082  0.01s             1           0  0.15s           2026-04-23T16:54:12
================================================================================
[2026-04-23T16:55:12.994+0000] {manager.py:878} INFO - 
================================================================================
DAG File Processing Stats

File Path                              PID  Runtime      # DAGs    # Errors  Last Runtime    Last Run
-----------------------------------  -----  ---------  --------  ----------  --------------  -------------------
/opt/airflow/dags/sales_pipeline.py   1148  0.00s             1           0  0.20s           2026-04-23T16:54:42
================================================================================
[2026-04-23T16:55:43.363+0000] {manager.py:878} INFO - 
================================================================================
DAG File Processing Stats

File Path                              PID  Runtime      # DAGs    # Errors  Last Runtime    Last Run
-----------------------------------  -----  ---------  --------  ----------  --------------  -------------------
/opt/airflow/dags/sales_pipeline.py   1208  0.01s             1           0  0.15s           2026-04-23T16:55:13
================================================================================
[2026-04-23T16:56:13.584+0000] {manager.py:878} INFO - 
================================================================================
DAG File Processing Stats

File Path                              PID  Runtime      # DAGs    # Errors  Last Runtime    Last Run
-----------------------------------  -----  ---------  --------  ----------  --------------  -------------------
/opt/airflow/dags/sales_pipeline.py   1274  0.00s             1           0  0.17s           2026-04-23T16:55:43
================================================================================
[2026-04-23T16:56:43.957+0000] {manager.py:878} INFO - 
================================================================================
DAG File Processing Stats

File Path                              PID  Runtime      # DAGs    # Errors  Last Runtime    Last Run
-----------------------------------  -----  ---------  --------  ----------  --------------  -------------------
/opt/airflow/dags/sales_pipeline.py   1334  0.01s             1           0  0.15s           2026-04-23T16:56:13
================================================================================
[2026-04-23T16:57:14.198+0000] {manager.py:878} INFO - 
================================================================================
DAG File Processing Stats

File Path                              PID  Runtime      # DAGs    # Errors  Last Runtime    Last Run
-----------------------------------  -----  ---------  --------  ----------  --------------  -------------------
/opt/airflow/dags/sales_pipeline.py   1400  0.00s             1           0  0.17s           2026-04-23T16:56:44
================================================================================
[2026-04-23T16:57:38.427+0000] {manager.py:737} INFO - Searching for files in /opt/airflow/dags
[2026-04-23T16:57:38.431+0000] {manager.py:740} INFO - There are 1 files in /opt/airflow/dags
[2026-04-23T16:57:44.481+0000] {manager.py:878} INFO - 
================================================================================
DAG File Processing Stats

File Path                              PID  Runtime      # DAGs    # Errors  Last Runtime    Last Run
-----------------------------------  -----  ---------  --------  ----------  --------------  -------------------
/opt/airflow/dags/sales_pipeline.py   1461  0.01s             1           0  0.20s           2026-04-23T16:57:14
================================================================================
[2026-04-23T16:58:14.711+0000] {manager.py:878} INFO - 
================================================================================
DAG File Processing Stats

File Path                              PID  Runtime      # DAGs    # Errors  Last Runtime    Last Run
-----------------------------------  -----  ---------  --------  ----------  --------------  -------------------
/opt/airflow/dags/sales_pipeline.py   1527  0.00s             1           0  0.17s           2026-04-23T16:57:44
================================================================================
[2026-04-23T16:58:45.016+0000] {manager.py:878} INFO - 
================================================================================
DAG File Processing Stats

File Path                              PID  Runtime      # DAGs    # Errors  Last Runtime    Last Run
-----------------------------------  -----  ---------  --------  ----------  --------------  -------------------
/opt/airflow/dags/sales_pipeline.py   1586  0.01s             1           0  0.15s           2026-04-23T16:58:14
================================================================================
[2026-04-23T16:59:15.227+0000] {manager.py:878} INFO - 
================================================================================
DAG File Processing Stats

File Path                              PID  Runtime      # DAGs    # Errors  Last Runtime    Last Run
-----------------------------------  -----  ---------  --------  ----------  --------------  -------------------
/opt/airflow/dags/sales_pipeline.py   1652  0.00s             1           0  0.17s           2026-04-23T16:58:45
================================================================================
[2026-04-23T16:59:45.566+0000] {manager.py:878} INFO - 
================================================================================
DAG File Processing Stats

File Path                              PID  Runtime      # DAGs    # Errors  Last Runtime    Last Run
-----------------------------------  -----  ---------  --------  ----------  --------------  -------------------
/opt/airflow/dags/sales_pipeline.py   1712  0.00s             1           0  0.15s           2026-04-23T16:59:15
================================================================================
[2026-04-23T17:00:15.773+0000] {manager.py:878} INFO - 
================================================================================
DAG File Processing Stats

File Path                              PID  Runtime      # DAGs    # Errors  Last Runtime    Last Run
-----------------------------------  -----  ---------  --------  ----------  --------------  -------------------
/opt/airflow/dags/sales_pipeline.py   1779  0.00s             1           0  0.17s           2026-04-23T16:59:45
================================================================================
[2026-04-23T17:00:46.156+0000] {manager.py:878} INFO - 
================================================================================
DAG File Processing Stats

File Path                              PID  Runtime      # DAGs    # Errors  Last Runtime    Last Run
-----------------------------------  -----  ---------  --------  ----------  --------------  -------------------
/opt/airflow/dags/sales_pipeline.py   1840  0.01s             1           0  0.24s           2026-04-23T17:00:16
================================================================================
[2026-04-23T17:01:16.406+0000] {manager.py:878} INFO - 
================================================================================
DAG File Processing Stats

File Path                            PID    Runtime      # DAGs    # Errors  Last Runtime    Last Run
-----------------------------------  -----  ---------  --------  ----------  --------------  -------------------
/opt/airflow/dags/sales_pipeline.py                           1           0  0.45s           2026-04-23T17:00:46
================================================================================
[2026-04-23T17:01:47.050+0000] {manager.py:878} INFO - 
================================================================================
DAG File Processing Stats

File Path                            PID    Runtime      # DAGs    # Errors  Last Runtime    Last Run
-----------------------------------  -----  ---------  --------  ----------  --------------  -------------------
/opt/airflow/dags/sales_pipeline.py                           1           0  0.29s           2026-04-23T17:01:17
================================================================================
[2026-04-23T17:02:17.484+0000] {manager.py:878} INFO - 
================================================================================
DAG File Processing Stats

File Path                            PID    Runtime      # DAGs    # Errors  Last Runtime    Last Run
-----------------------------------  -----  ---------  --------  ----------  --------------  -------------------
/opt/airflow/dags/sales_pipeline.py                           1           0  0.23s           2026-04-23T17:01:47
================================================================================
[2026-04-23T17:02:38.849+0000] {manager.py:737} INFO - Searching for files in /opt/airflow/dags
[2026-04-23T17:02:38.856+0000] {manager.py:740} INFO - There are 1 files in /opt/airflow/dags
[2026-04-23T17:02:47.956+0000] {manager.py:878} INFO - 
================================================================================
DAG File Processing Stats

File Path                              PID  Runtime      # DAGs    # Errors  Last Runtime    Last Run
-----------------------------------  -----  ---------  --------  ----------  --------------  -------------------
/opt/airflow/dags/sales_pipeline.py   2082  0.01s             1           0  0.19s           2026-04-23T17:02:17
================================================================================
[2026-04-23T17:03:18.343+0000] {manager.py:878} INFO - 
================================================================================
DAG File Processing Stats

File Path                              PID  Runtime      # DAGs    # Errors  Last Runtime    Last Run
-----------------------------------  -----  ---------  --------  ----------  --------------  -------------------
/opt/airflow/dags/sales_pipeline.py   2141  0.01s             1           0  0.20s           2026-04-23T17:02:48
================================================================================
[2026-04-23T17:03:48.549+0000] {manager.py:878} INFO - 
================================================================================
DAG File Processing Stats

File Path                              PID  Runtime      # DAGs    # Errors  Last Runtime    Last Run
-----------------------------------  -----  ---------  --------  ----------  --------------  -------------------
/opt/airflow/dags/sales_pipeline.py   2207  0.00s             1           0  0.21s           2026-04-23T17:03:18
================================================================================
[2026-04-23T17:04:18.932+0000] {manager.py:878} INFO - 
================================================================================
DAG File Processing Stats

File Path                              PID  Runtime      # DAGs    # Errors  Last Runtime    Last Run
-----------------------------------  -----  ---------  --------  ----------  --------------  -------------------
/opt/airflow/dags/sales_pipeline.py   2268  0.01s             1           0  0.16s           2026-04-23T17:03:48
================================================================================
[2026-04-23T17:04:49.196+0000] {manager.py:878} INFO - 
================================================================================
DAG File Processing Stats

File Path                              PID  Runtime      # DAGs    # Errors  Last Runtime    Last Run
-----------------------------------  -----  ---------  --------  ----------  --------------  -------------------
/opt/airflow/dags/sales_pipeline.py   2328  0.01s             1           0  0.21s           2026-04-23T17:04:19
================================================================================
[2026-04-23T17:05:19.565+0000] {manager.py:878} INFO - 
================================================================================
DAG File Processing Stats

File Path                              PID  Runtime      # DAGs    # Errors  Last Runtime    Last Run
-----------------------------------  -----  ---------  --------  ----------  --------------  -------------------
/opt/airflow/dags/sales_pipeline.py   2394  0.00s             1           0  0.21s           2026-04-23T17:04:49
================================================================================
[2026-04-23T17:05:49.886+0000] {manager.py:878} INFO - 
================================================================================
DAG File Processing Stats

File Path                              PID  Runtime      # DAGs    # Errors  Last Runtime    Last Run
-----------------------------------  -----  ---------  --------  ----------  --------------  -------------------
/opt/airflow/dags/sales_pipeline.py   2454  0.00s             1           0  0.31s           2026-04-23T17:05:19
================================================================================
[2026-04-23T17:06:20.306+0000] {manager.py:878} INFO - 
================================================================================
DAG File Processing Stats

File Path                              PID  Runtime      # DAGs    # Errors  Last Runtime    Last Run
-----------------------------------  -----  ---------  --------  ----------  --------------  -------------------
/opt/airflow/dags/sales_pipeline.py   2514  0.01s             1           0  0.25s           2026-04-23T17:05:50
================================================================================
[2026-04-23T17:06:50.534+0000] {manager.py:878} INFO - 
================================================================================
DAG File Processing Stats

File Path                              PID  Runtime      # DAGs    # Errors  Last Runtime    Last Run
-----------------------------------  -----  ---------  --------  ----------  --------------  -------------------
/opt/airflow/dags/sales_pipeline.py   2618  0.01s             1           0  0.20s           2026-04-23T17:06:20
================================================================================
[2026-04-23T17:07:20.851+0000] {manager.py:878} INFO - 
================================================================================
DAG File Processing Stats

File Path                              PID  Runtime      # DAGs    # Errors  Last Runtime    Last Run
-----------------------------------  -----  ---------  --------  ----------  --------------  -------------------
/opt/airflow/dags/sales_pipeline.py   2724  0.01s             1           0  0.21s           2026-04-23T17:06:50
================================================================================
[2026-04-23T17:07:38.995+0000] {manager.py:737} INFO - Searching for files in /opt/airflow/dags
[2026-04-23T17:07:39.004+0000] {manager.py:740} INFO - There are 1 files in /opt/airflow/dags
[2026-04-23T17:07:51.099+0000] {manager.py:878} INFO - 
================================================================================
DAG File Processing Stats

File Path                              PID  Runtime      # DAGs    # Errors  Last Runtime    Last Run
-----------------------------------  -----  ---------  --------  ----------  --------------  -------------------
/opt/airflow/dags/sales_pipeline.py   2833  0.00s             1           0  0.19s           2026-04-23T17:07:21
================================================================================
[2026-04-23T17:08:21.456+0000] {manager.py:878} INFO - 
================================================================================
DAG File Processing Stats

File Path                              PID  Runtime      # DAGs    # Errors  Last Runtime    Last Run
-----------------------------------  -----  ---------  --------  ----------  --------------  -------------------
/opt/airflow/dags/sales_pipeline.py   2894  0.01s             1           0  0.21s           2026-04-23T17:07:51
================================================================================
[2026-04-23T17:08:51.691+0000] {manager.py:878} INFO - 
================================================================================
DAG File Processing Stats

File Path                              PID  Runtime      # DAGs    # Errors  Last Runtime    Last Run
-----------------------------------  -----  ---------  --------  ----------  --------------  -------------------
/opt/airflow/dags/sales_pipeline.py   2954  0.01s             1           0  0.22s           2026-04-23T17:08:21
================================================================================
[2026-04-23T17:09:22.104+0000] {manager.py:878} INFO - 
================================================================================
DAG File Processing Stats

File Path                              PID  Runtime      # DAGs    # Errors  Last Runtime    Last Run
-----------------------------------  -----  ---------  --------  ----------  --------------  -------------------
/opt/airflow/dags/sales_pipeline.py   3020  0.01s             1           0  0.19s           2026-04-23T17:08:51
================================================================================
[2026-04-23T17:09:52.318+0000] {manager.py:878} INFO - 
================================================================================
DAG File Processing Stats

File Path                              PID  Runtime      # DAGs    # Errors  Last Runtime    Last Run
-----------------------------------  -----  ---------  --------  ----------  --------------  -------------------
/opt/airflow/dags/sales_pipeline.py   3080  0.01s             1           0  0.17s           2026-04-23T17:09:22
================================================================================
[2026-04-23T17:10:22.644+0000] {manager.py:878} INFO - 
================================================================================
DAG File Processing Stats

File Path                              PID  Runtime      # DAGs    # Errors  Last Runtime    Last Run
-----------------------------------  -----  ---------  --------  ----------  --------------  -------------------
/opt/airflow/dags/sales_pipeline.py   3144  0.00s             1           0  0.19s           2026-04-23T17:09:52
================================================================================
[2026-04-23T17:10:52.879+0000] {manager.py:878} INFO - 
================================================================================
DAG File Processing Stats

File Path                              PID  Runtime      # DAGs    # Errors  Last Runtime    Last Run
-----------------------------------  -----  ---------  --------  ----------  --------------  -------------------
/opt/airflow/dags/sales_pipeline.py   3203  0.01s             1           0  0.14s           2026-04-23T17:10:22
================================================================================
[2026-04-23T17:11:23.147+0000] {manager.py:878} INFO - 
================================================================================
DAG File Processing Stats

File Path                              PID  Runtime      # DAGs    # Errors  Last Runtime    Last Run
-----------------------------------  -----  ---------  --------  ----------  --------------  -------------------
/opt/airflow/dags/sales_pipeline.py   3270  0.00s             1           0  0.21s           2026-04-23T17:10:53
================================================================================
[2026-04-23T17:11:53.452+0000] {manager.py:878} INFO - 
================================================================================
DAG File Processing Stats

File Path                              PID  Runtime      # DAGs    # Errors  Last Runtime    Last Run
-----------------------------------  -----  ---------  --------  ----------  --------------  -------------------
/opt/airflow/dags/sales_pipeline.py   3330  0.00s             1           0  0.15s           2026-04-23T17:11:23
================================================================================
[2026-04-23T17:12:23.664+0000] {manager.py:878} INFO - 
================================================================================
DAG File Processing Stats

File Path                            PID    Runtime      # DAGs    # Errors  Last Runtime    Last Run
-----------------------------------  -----  ---------  --------  ----------  --------------  -------------------
/opt/airflow/dags/sales_pipeline.py                           1           0  0.30s           2026-04-23T17:11:53
================================================================================
[2026-04-23T17:12:39.044+0000] {manager.py:737} INFO - Searching for files in /opt/airflow/dags
[2026-04-23T17:12:39.046+0000] {manager.py:740} INFO - There are 1 files in /opt/airflow/dags
[2026-04-23T17:12:54.157+0000] {manager.py:878} INFO - 
================================================================================
DAG File Processing Stats

File Path                            PID    Runtime      # DAGs    # Errors  Last Runtime    Last Run
-----------------------------------  -----  ---------  --------  ----------  --------------  -------------------
/opt/airflow/dags/sales_pipeline.py                           1           0  0.22s           2026-04-23T17:12:24
================================================================================
[2026-04-23T17:13:24.571+0000] {manager.py:878} INFO - 
================================================================================
DAG File Processing Stats

File Path                              PID  Runtime      # DAGs    # Errors  Last Runtime    Last Run
-----------------------------------  -----  ---------  --------  ----------  --------------  -------------------
/opt/airflow/dags/sales_pipeline.py   3516  0.00s             1           0  0.17s           2026-04-23T17:12:54
================================================================================
[2026-04-23T17:13:54.959+0000] {manager.py:878} INFO - 
================================================================================
DAG File Processing Stats

File Path                              PID  Runtime      # DAGs    # Errors  Last Runtime    Last Run
-----------------------------------  -----  ---------  --------  ----------  --------------  -------------------
/opt/airflow/dags/sales_pipeline.py   3576  0.01s             1           0  0.20s           2026-04-23T17:13:24
================================================================================
[2026-04-23T17:14:25.185+0000] {manager.py:878} INFO - 
================================================================================
DAG File Processing Stats

File Path                              PID  Runtime      # DAGs    # Errors  Last Runtime    Last Run
-----------------------------------  -----  ---------  --------  ----------  --------------  -------------------
/opt/airflow/dags/sales_pipeline.py   3642  0.00s             1           0  0.18s           2026-04-23T17:13:55
================================================================================
[2026-04-23T17:14:55.606+0000] {manager.py:878} INFO - 
================================================================================
DAG File Processing Stats

File Path                              PID  Runtime      # DAGs    # Errors  Last Runtime    Last Run
-----------------------------------  -----  ---------  --------  ----------  --------------  -------------------
/opt/airflow/dags/sales_pipeline.py   3702  0.01s             1           0  0.19s           2026-04-23T17:14:25
================================================================================
[2026-04-23T17:15:25.837+0000] {manager.py:878} INFO - 
================================================================================
DAG File Processing Stats

File Path                              PID  Runtime      # DAGs    # Errors  Last Runtime    Last Run
-----------------------------------  -----  ---------  --------  ----------  --------------  -------------------
/opt/airflow/dags/sales_pipeline.py   3763  0.01s             1           0  0.21s           2026-04-23T17:14:55
================================================================================
[2026-04-23T17:15:56.156+0000] {manager.py:878} INFO - 
================================================================================
DAG File Processing Stats

File Path                              PID  Runtime      # DAGs    # Errors  Last Runtime    Last Run
-----------------------------------  -----  ---------  --------  ----------  --------------  -------------------
/opt/airflow/dags/sales_pipeline.py   3829  0.00s             1           0  0.29s           2026-04-23T17:15:26
================================================================================
[2026-04-23T17:16:26.561+0000] {manager.py:878} INFO - 
================================================================================
DAG File Processing Stats

File Path                              PID  Runtime      # DAGs    # Errors  Last Runtime    Last Run
-----------------------------------  -----  ---------  --------  ----------  --------------  -------------------
/opt/airflow/dags/sales_pipeline.py   3889  0.01s             1           0  0.20s           2026-04-23T17:15:56
================================================================================
